iso_ts,epoch,elapsed_s,batt_level,batt_status,batt_temp_c,soc_temp_c,current_ma,event
2026-08-11T20:04:43+03:00,1786467883,0,83,3,35.8,51.9,,run
2026-08-11T21:43:49+03:00,1786473829,5946,73,3,34.1,44.2,,run
2026-08-11T21:43:54+03:00,1786473834,5951,73,3,34.1,46.3,,run
2026-08-11T21:44:00+03:00,1786473840,5957,73,3,34.1,42.0,,run
2026-08-11T21:44:05+03:00,1786473845,5962,73,3,34.1,41.4,,run
2026-08-11T21:44:11+03:00,1786473851,5968,73,3,34.1,41.4,,run
2026-08-11T21:44:16+03:00,1786473856,5973,73,3,34.1,42.6,,run
2026-08-11T21:44:22+03:00,1786473862,5979,73,3,34.1,57.2,,run
2026-08-11T21:44:27+03:00,1786473867,5984,73,3,34.1,48.8,,run
2026-08-11T21:44:32+03:00,1786473872,5989,73,3,34.1,42.9,,run
2026-08-11T21:44:38+03:00,1786473878,5995,73,3,34.1,42.0,,run
2026-08-11T21:44:43+03:00,1786473883,6000,73,3,34.2,41.7,,run
2026-08-11T21:44:49+03:00,1786473889,6006,73,3,34.2,42.9,,run
2026-08-11T21:44:54+03:00,1786473894,6011,73,3,34.2,43.9,,run
2026-08-11T21:44:59+03:00,1786473899,6016,73,3,34.2,45.4,,run
2026-08-11T21:45:05+03:00,1786473905,6022,73,3,34.2,47.3,,run
2026-08-11T21:45:10+03:00,1786473910,6027,73,3,34.2,47.3,,run
2026-08-11T21:45:15+03:00,1786473915,6032,73,3,34.2,44.2,,run
2026-08-11T21:45:20+03:00,1786473920,6037,73,3,34.2,42.0,,run
2026-08-11T21:45:26+03:00,1786473926,6043,73,3,34.2,41.4,,run
2026-08-11T21:45:31+03:00,1786473931,6048,73,3,34.2,40.8,,run
2026-08-11T21:45:37+03:00,1786473937,6054,73,3,34.2,43.6,,run
2026-08-11T21:45:42+03:00,1786473942,6059,73,3,34.2,41.1,,run
2026-08-11T21:45:48+03:00,1786473948,6065,73,3,34.2,41.1,,run
2026-08-11T21:45:53+03:00,1786473953,6070,73,3,34.2,40.8,,run
2026-08-11T21:45:59+03:00,1786473959,6076,73,3,34.2,42.3,,run
2026-08-11T21:46:04+03:00,1786473964,6081,73,3,34.2,43.6,,run
2026-08-11T21:46:09+03:00,1786473969,6086,73,3,34.2,44.8,,run
2026-08-11T21:46:14+03:00,1786473974,6091,73,3,34.2,42.9,,run
2026-08-11T21:46:20+03:00,1786473980,6097,73,3,34.2,45.4,,run
2026-08-11T21:46:25+03:00,1786473985,6102,73,3,34.2,47.3,,run
2026-08-11T21:46:30+03:00,1786473990,6107,73,3,34.2,42.9,,run
2026-08-11T21:46:36+03:00,1786473996,6113,73,3,34.2,41.4,,run
2026-08-11T21:46:41+03:00,1786474001,6118,73,3,34.2,40.8,,run
2026-08-11T21:46:47+03:00,1786474007,6124,73,3,34.2,40.5,,run
2026-08-11T21:46:52+03:00,1786474012,6129,73,3,34.2,40.2,,run
2026-08-11T21:46:58+03:00,1786474018,6135,73,3,34.2,47.0,,run
2026-08-11T21:47:03+03:00,1786474023,6140,73,3,34.2,43.9,,run
2026-08-11T21:47:08+03:00,1786474028,6145,73,3,34.2,47.3,,run
2026-08-11T21:47:14+03:00,1786474034,6151,73,3,34.2,49.7,,run
2026-08-11T21:47:19+03:00,1786474039,6156,73,3,34.2,44.2,,run
2026-08-11T21:47:24+03:00,1786474044,6161,73,3,34.2,44.2,,run
2026-08-11T21:47:29+03:00,1786474049,6166,73,3,34.2,44.5,,run
2026-08-11T21:47:35+03:00,1786474055,6172,73,3,34.2,43.9,,run
2026-08-11T21:47:40+03:00,1786474060,6177,73,3,34.2,41.4,,run
2026-08-11T21:47:45+03:00,1786474065,6182,73,3,34.2,40.5,,run
2026-08-11T21:47:51+03:00,1786474071,6188,73,3,34.2,47.6,,run
2026-08-11T21:47:56+03:00,1786474076,6193,73,3,34.2,41.1,,run
2026-08-11T21:48:02+03:00,1786474082,6199,73,3,34.2,40.8,,run
2026-08-11T21:48:07+03:00,1786474087,6204,73,3,34.2,42.0,,run
2026-08-11T21:48:13+03:00,1786474093,6210,73,3,34.2,40.2,,run
2026-08-11T21:48:18+03:00,1786474098,6215,73,3,34.2,40.2,,run
2026-08-11T21:48:23+03:00,1786474103,6220,73,3,34.2,41.7,,run
2026-08-11T21:48:29+03:00,1786474109,6226,73,,,,,run
2026-08-11T21:48:34+03:00,1786474114,6231,73,3,34.2,44.8,,run
2026-08-11T22:00:43+03:00,1786474843,6960,71,3,34.2,42.3,,run
2026-08-11T22:00:49+03:00,1786474849,6966,71,3,34.2,41.7,,run
2026-08-11T22:00:54+03:00,1786474854,6971,71,3,34.2,45.7,,run
2026-08-11T22:01:00+03:00,1786474860,6977,71,3,34.2,46.3,,run
2026-08-11T22:01:05+03:00,1786474865,6982,71,3,34.2,42.0,,run
2026-08-11T22:01:10+03:00,1786474870,6987,71,3,34.2,42.0,,run
2026-08-11T22:01:16+03:00,1786474876,6993,71,3,34.2,54.1,,run
2026-08-11T22:01:22+03:00,1786474882,6999,71,3,34.2,45.7,,run
2026-08-11T22:01:27+03:00,1786474887,7004,71,3,34.2,48.5,,run
2026-08-11T22:01:32+03:00,1786474892,7009,71,3,34.2,46.0,,run
2026-08-11T22:01:38+03:00,1786474898,7015,71,3,34.2,45.7,,run
2026-08-11T22:01:43+03:00,1786474903,7020,71,3,34.2,42.6,,run
2026-08-11T22:01:48+03:00,1786474908,7025,71,3,34.2,41.7,,run
2026-08-11T22:01:54+03:00,1786474914,7031,71,3,34.2,41.1,,run
2026-08-11T22:01:59+03:00,1786474919,7036,71,3,34.2,41.4,,run
2026-08-11T22:02:05+03:00,1786474925,7042,,,,,,run
2026-08-11T22:02:10+03:00,1786474930,7047,71,3,34.2,42.3,,run
2026-08-11T22:06:12+03:00,1786475172,7289,71,3,34.0,47.3,,run
2026-08-11T22:06:17+03:00,1786475177,7294,71,3,34.0,41.7,,run
2026-08-11T22:06:23+03:00,1786475183,7300,71,3,34.0,41.4,,run
2026-08-11T22:06:28+03:00,1786475188,7305,,,,,,run
2026-08-11T22:06:33+03:00,1786475193,7310,71,3,34.0,42.6,,run
2026-08-11T22:06:39+03:00,1786475199,7316,71,3,34.0,41.7,,run
2026-08-11T22:06:44+03:00,1786475204,7321,71,3,34.0,40.8,,run
2026-08-11T22:06:50+03:00,1786475210,7327,71,3,34.0,53.5,,run
2026-08-11T22:06:55+03:00,1786475215,7332,71,3,34.0,49.1,,run
2026-08-11T22:07:00+03:00,1786475220,7337,71,3,34.0,47.9,,run
2026-08-11T22:07:06+03:00,1786475226,7343,71,3,34.0,43.9,,run
2026-08-11T22:07:11+03:00,1786475231,7348,71,3,34.0,42.0,,run
2026-08-11T22:07:17+03:00,1786475237,7354,71,3,34.0,47.3,,run
2026-08-11T22:07:22+03:00,1786475242,7359,71,3,34.0,41.7,,run
2026-08-11T22:07:27+03:00,1786475247,7364,71,3,34.0,43.6,,run
2026-08-11T22:07:33+03:00,1786475253,7370,71,3,34.0,44.8,,run
2026-08-11T22:07:38+03:00,1786475258,7375,71,3,34.0,44.2,,run
2026-08-11T22:07:43+03:00,1786475263,7380,71,3,34.0,49.1,,run
2026-08-11T22:07:48+03:00,1786475268,7385,71,3,34.0,49.1,,run
2026-08-11T22:07:54+03:00,1786475274,7391,71,3,34.0,46.0,,run
2026-08-11T22:07:59+03:00,1786475279,7396,71,3,34.0,44.2,,run
2026-08-11T22:08:04+03:00,1786475284,7401,,,,,,run
2026-08-11T22:08:09+03:00,1786475289,7406,,,,,,run
2026-08-11T22:08:14+03:00,1786475294,7411,71,3,34.0,47.0,,run
2026-08-11T22:08:20+03:00,1786475300,7417,71,3,34.0,43.6,,run
2026-08-11T22:08:25+03:00,1786475305,7422,71,3,34.0,56.9,,run
2026-08-11T22:08:31+03:00,1786475311,7428,71,3,34.0,45.7,,run
2026-08-11T22:08:36+03:00,1786475316,7433,71,3,34.0,46.0,,run
2026-08-11T22:08:42+03:00,1786475322,7439,71,3,34.0,46.0,,run
2026-08-11T22:08:47+03:00,1786475327,7444,71,3,34.0,46.3,,run
2026-08-11T22:08:52+03:00,1786475332,7449,71,3,34.0,44.5,,run
2026-08-11T22:08:58+03:00,1786475338,7455,71,3,34.0,42.3,,run
2026-08-11T22:09:03+03:00,1786475343,7460,71,3,34.0,48.5,,run
2026-08-11T22:09:08+03:00,1786475348,7465,71,3,34.0,54.7,,run
2026-08-11T22:09:14+03:00,1786475354,7471,71,3,34.0,53.8,,run
2026-08-11T22:09:20+03:00,1786475360,7477,71,3,34.0,47.3,,run
2026-08-11T22:09:25+03:00,1786475365,7482,71,3,34.0,45.1,,run
2026-08-11T22:09:30+03:00,1786475370,7487,71,3,34.0,45.1,,run
2026-08-11T22:09:36+03:00,1786475376,7493,71,3,34.0,43.9,,run
2026-08-11T22:09:41+03:00,1786475381,7498,71,3,34.0,47.0,,run
2026-08-11T22:09:46+03:00,1786475386,7503,71,3,34.0,43.9,,run
2026-08-11T22:09:52+03:00,1786475392,7509,71,3,34.0,48.5,,run
2026-08-11T22:09:57+03:00,1786475397,7514,71,3,34.0,47.0,,run
2026-08-11T22:10:02+03:00,1786475402,7519,71,3,34.0,45.4,,run
2026-08-11T22:10:08+03:00,1786475408,7525,71,3,34.0,42.6,,run
2026-08-11T22:10:13+03:00,1786475413,7530,71,3,34.0,41.7,,run
2026-08-11T22:10:19+03:00,1786475419,7536,71,3,34.0,51.3,,run
2026-08-11T22:10:24+03:00,1786475424,7541,71,3,34.0,55.9,,run
2026-08-11T22:10:30+03:00,1786475430,7547,71,3,34.0,47.6,,run
2026-08-11T22:10:35+03:00,1786475435,7552,71,3,34.0,47.9,,run
2026-08-11T22:10:40+03:00,1786475440,7557,71,3,34.0,42.6,,run
2026-08-11T22:10:46+03:00,1786475446,7563,71,3,34.0,43.2,,run
2026-08-11T22:10:51+03:00,1786475451,7568,71,3,34.0,42.3,,run
2026-08-11T22:10:57+03:00,1786475457,7574,71,3,34.0,42.0,,run
2026-08-11T22:11:02+03:00,1786475462,7579,71,3,34.0,41.7,,run
2026-08-11T22:11:08+03:00,1786475468,7585,71,3,34.0,46.7,,run
2026-08-11T22:11:13+03:00,1786475473,7590,71,3,34.0,49.4,,run
2026-08-11T22:11:18+03:00,1786475478,7595,70,3,34.3,42.6,,run
2026-08-11T22:11:24+03:00,1786475484,7601,70,3,34.3,55.9,,run
2026-08-11T22:11:29+03:00,1786475489,7606,70,3,34.3,47.6,,run
2026-08-11T22:11:35+03:00,1786475495,7612,70,3,34.3,44.2,,run
2026-08-11T22:11:40+03:00,1786475500,7617,70,3,34.3,46.0,,run
2026-08-11T22:11:45+03:00,1786475505,7622,70,3,34.3,46.3,,run
2026-08-11T22:11:51+03:00,1786475511,7628,70,3,34.3,45.1,,run
2026-08-11T22:11:56+03:00,1786475516,7633,70,3,34.3,46.7,,run
2026-08-11T22:12:02+03:00,1786475522,7639,70,3,34.3,46.0,,run
2026-08-11T22:12:07+03:00,1786475527,7644,70,3,34.3,42.9,,run
2026-08-11T22:12:12+03:00,1786475532,7649,70,3,34.3,42.0,,run
2026-08-11T22:12:18+03:00,1786475538,7655,70,3,34.3,41.7,,run
2026-08-11T22:12:23+03:00,1786475543,7660,70,3,34.3,48.8,,run
2026-08-11T22:12:29+03:00,1786475549,7666,70,3,34.3,48.5,,run
2026-08-11T22:12:34+03:00,1786475554,7671,70,3,34.3,45.7,,run
2026-08-11T22:12:40+03:00,1786475560,7677,70,3,34.3,46.3,,run
2026-08-11T22:12:45+03:00,1786475565,7682,70,3,34.3,46.0,,run
2026-08-11T22:12:50+03:00,1786475570,7687,,,,,,run
2026-08-11T22:12:55+03:00,1786475575,7692,70,3,34.3,45.1,,run
2026-08-11T22:13:00+03:00,1786475580,7697,70,3,34.3,46.0,,run
2026-08-11T22:13:06+03:00,1786475586,7703,70,3,34.3,47.6,,run
2026-08-11T22:13:11+03:00,1786475591,7708,70,3,34.3,45.7,,run
2026-08-11T22:13:16+03:00,1786475596,7713,,,,,,run
2026-08-11T22:13:21+03:00,1786475601,7718,70,3,34.3,44.5,,run
2026-08-11T22:13:27+03:00,1786475607,7724,70,3,34.3,43.9,,run
2026-08-11T22:13:32+03:00,1786475612,7729,70,3,34.3,57.2,,run
2026-08-11T22:13:38+03:00,1786475618,7735,,,,,,run
2026-08-11T22:13:43+03:00,1786475623,7740,70,3,34.3,50.7,,run
2026-08-11T22:13:48+03:00,1786475628,7745,70,3,34.3,45.4,,run
2026-08-11T22:13:54+03:00,1786475634,7751,70,3,34.3,44.8,,run
2026-08-11T22:13:59+03:00,1786475639,7756,70,3,34.3,51.0,,run
2026-08-11T22:14:04+03:00,1786475644,7761,70,3,34.3,43.6,,run
2026-08-11T22:14:10+03:00,1786475650,7767,,,,,,run
2026-08-11T22:14:15+03:00,1786475655,7772,,,,,,run
2026-08-11T22:14:20+03:00,1786475660,7777,70,3,34.3,53.8,,run
2026-08-11T22:14:25+03:00,1786475665,7782,,,,,,run
2026-08-11T22:14:30+03:00,1786475670,7787,,,,,,run
2026-08-11T22:14:35+03:00,1786475675,7792,70,3,34.3,48.8,,run
2026-08-11T22:14:41+03:00,1786475681,7798,,,,,,run
2026-08-11T22:14:46+03:00,1786475686,7803,70,3,34.5,55.0,,run
2026-08-11T22:14:51+03:00,1786475691,7808,,,,,,run
2026-08-11T22:14:56+03:00,1786475696,7813,,,,,,run
2026-08-11T22:15:01+03:00,1786475701,7818,70,3,34.5,52.8,,run
2026-08-11T22:15:06+03:00,1786475706,7823,70,3,34.5,51.0,,run
2026-08-11T22:15:12+03:00,1786475712,7829,70,3,34.5,44.8,,run
2026-08-11T22:15:17+03:00,1786475717,7834,,,,,,run
2026-08-11T22:15:22+03:00,1786475722,7839,,,34.5,50.7,,run
2026-08-11T22:15:28+03:00,1786475728,7845,70,3,34.5,44.2,,run
2026-08-11T22:15:33+03:00,1786475733,7850,70,3,34.5,45.4,,run
2026-08-11T22:15:39+03:00,1786475739,7856,70,3,34.5,48.8,,run
2026-08-11T22:15:44+03:00,1786475744,7861,,,,,,run
2026-08-11T22:15:49+03:00,1786475749,7866,70,3,34.5,49.4,,run
2026-08-11T22:15:54+03:00,1786475754,7871,,,,,,run
2026-08-11T22:15:59+03:00,1786475759,7876,70,,,,,run
2026-08-11T22:16:04+03:00,1786475764,7881,70,3,34.5,50.4,,run
2026-08-11T22:16:10+03:00,1786475770,7887,70,3,34.5,46.3,,run
2026-08-11T22:16:15+03:00,1786475775,7892,70,3,34.5,46.0,,run
2026-08-11T22:16:20+03:00,1786475780,7897,70,3,34.5,48.5,,run
2026-08-11T22:16:26+03:00,1786475786,7903,,,,,,run
2026-08-11T22:16:31+03:00,1786475791,7908,,,,,,run
2026-08-11T22:16:36+03:00,1786475796,7913,,,,,,run
2026-08-11T22:16:41+03:00,1786475801,7918,70,3,34.5,52.5,,run
2026-08-11T22:16:46+03:00,1786475806,7923,70,3,34.5,52.8,,run
2026-08-11T22:16:51+03:00,1786475811,7928,70,3,34.5,52.5,,run
2026-08-11T22:16:57+03:00,1786475817,7934,70,3,34.5,47.6,,run
2026-08-11T22:17:02+03:00,1786475822,7939,70,3,34.5,43.9,,run
2026-08-11T22:17:08+03:00,1786475828,7945,70,3,34.5,45.7,,run
2026-08-11T22:17:13+03:00,1786475833,7950,70,3,34.5,45.4,,run
2026-08-11T22:17:18+03:00,1786475838,7955,70,3,34.5,46.3,,run
2026-08-11T22:17:23+03:00,1786475843,7960,70,3,34.5,44.8,,run
2026-08-11T22:17:29+03:00,1786475849,7966,70,3,34.5,50.4,,run
2026-08-11T22:17:34+03:00,1786475854,7971,70,3,34.5,48.8,,run
2026-08-11T22:17:39+03:00,1786475859,7976,70,3,34.5,48.2,,run
2026-08-11T22:17:45+03:00,1786475865,7982,70,3,34.5,44.2,,run
2026-08-11T22:17:50+03:00,1786475870,7987,70,3,34.5,44.5,,run
2026-08-11T22:17:55+03:00,1786475875,7992,70,3,34.5,46.0,,run
2026-08-11T22:18:01+03:00,1786475881,7998,,,,,,run
2026-08-11T22:18:06+03:00,1786475886,8003,70,3,34.5,46.3,,run
2026-08-11T22:18:11+03:00,1786475891,8008,70,3,34.5,47.6,,run
2026-08-11T22:18:16+03:00,1786475896,8013,70,3,34.5,48.8,,run
2026-08-11T22:18:21+03:00,1786475901,8018,70,3,34.5,46.3,,run
2026-08-11T22:18:27+03:00,1786475907,8024,70,3,34.5,42.9,,run
2026-08-11T22:18:32+03:00,1786475912,8029,70,3,34.5,48.5,,run
2026-08-11T22:18:38+03:00,1786475918,8035,70,3,34.5,45.4,,run
2026-08-11T22:18:43+03:00,1786475923,8040,,,,,,run
2026-08-11T22:18:48+03:00,1786475928,8045,,,,,,run
2026-08-11T22:18:53+03:00,1786475933,8050,70,3,34.5,43.2,,run
2026-08-11T22:18:59+03:00,1786475939,8056,,,,,,run
2026-08-11T22:19:04+03:00,1786475944,8061,70,3,34.5,54.4,,run
2026-08-11T22:19:09+03:00,1786475949,8066,70,3,34.5,49.1,,run
2026-08-11T22:19:14+03:00,1786475954,8071,70,3,34.5,48.5,,run
2026-08-11T22:19:20+03:00,1786475960,8077,,,,,,run
2026-08-11T22:19:25+03:00,1786475965,8082,70,3,34.5,44.2,,run
2026-08-11T22:19:30+03:00,1786475970,8087,70,3,34.5,44.5,,run
2026-08-11T22:19:35+03:00,1786475975,8092,,,,,,run
2026-08-11T22:19:40+03:00,1786475980,8097,70,3,34.5,45.4,,run
2026-08-11T22:19:46+03:00,1786475986,8103,70,3,34.5,47.6,,run
2026-08-11T22:19:51+03:00,1786475991,8108,69,3,34.5,46.0,,run
2026-08-11T22:19:56+03:00,1786475996,8113,69,3,34.5,47.0,,run
2026-08-11T22:20:02+03:00,1786476002,8119,69,3,34.5,43.9,,run
2026-08-11T22:20:07+03:00,1786476007,8124,69,3,34.5,42.9,,run
2026-08-11T22:20:13+03:00,1786476013,8130,69,3,34.5,44.5,,run
2026-08-11T22:20:18+03:00,1786476018,8135,69,3,34.5,49.1,,run
2026-08-11T22:20:23+03:00,1786476023,8140,69,3,34.5,,,run
2026-08-11T22:20:28+03:00,1786476028,8145,,,,,,run
2026-08-11T22:20:33+03:00,1786476033,8150,69,3,34.5,52.5,,run
2026-08-11T22:20:39+03:00,1786476039,8156,,,,,,run
2026-08-11T22:20:44+03:00,1786476044,8161,,,,,,run
2026-08-11T22:20:49+03:00,1786476049,8166,69,3,34.5,48.2,,run
2026-08-11T22:20:54+03:00,1786476054,8171,69,3,34.5,49.1,,run
2026-08-11T22:21:00+03:00,1786476060,8177,,,,,,run
2026-08-11T22:21:05+03:00,1786476065,8182,69,3,34.5,53.1,,run
2026-08-11T22:21:10+03:00,1786476070,8187,,,,,,run
2026-08-11T22:21:15+03:00,1786476075,8192,,,,,,run
2026-08-11T22:21:20+03:00,1786476080,8197,,,,,,run
2026-08-11T22:21:25+03:00,1786476085,8202,69,3,34.5,49.7,,run
2026-08-11T22:23:12+03:00,1786476192,8309,69,3,34.5,53.5,,run
2026-08-11T22:23:17+03:00,1786476197,8314,69,3,34.5,44.2,,run
2026-08-11T22:23:23+03:00,1786476203,8320,69,3,34.5,42.6,,run
2026-08-11T22:23:28+03:00,1786476208,8325,69,3,34.5,42.3,,run
2026-08-11T22:23:34+03:00,1786476214,8331,69,3,34.5,42.0,,run
2026-08-11T22:23:39+03:00,1786476219,8336,69,3,34.5,43.2,,run
2026-08-11T22:23:44+03:00,1786476224,8341,69,3,34.5,46.0,,run
2026-08-11T22:23:50+03:00,1786476230,8347,,,,,,run
2026-08-11T22:23:55+03:00,1786476235,8352,69,3,34.5,47.9,,run
2026-08-11T22:24:00+03:00,1786476240,8357,69,3,34.5,46.0,,run
2026-08-11T22:24:05+03:00,1786476245,8362,,,,,,run
2026-08-11T22:24:11+03:00,1786476251,8368,69,3,34.5,43.2,,run
2026-08-11T22:24:16+03:00,1786476256,8373,69,3,34.5,42.3,,run
2026-08-11T22:24:21+03:00,1786476261,8378,69,3,34.5,41.7,,run
2026-08-11T22:24:27+03:00,1786476267,8384,69,3,34.5,47.9,,run
2026-08-11T22:24:32+03:00,1786476272,8389,69,3,34.5,46.3,,run
2026-08-11T22:24:38+03:00,1786476278,8395,69,3,34.5,47.0,,run
2026-08-11T22:24:43+03:00,1786476283,8400,69,3,34.3,42.0,,run
2026-08-11T22:24:48+03:00,1786476288,8405,69,3,34.3,43.2,,run
2026-08-11T22:24:54+03:00,1786476294,8411,69,3,34.3,43.6,,run
2026-08-11T22:24:59+03:00,1786476299,8416,69,3,34.3,44.8,,run
2026-08-11T22:25:04+03:00,1786476304,8421,69,3,34.3,41.7,,run
2026-08-11T22:25:10+03:00,1786476310,8427,69,3,34.3,46.7,,run
2026-08-11T22:25:15+03:00,1786476315,8432,69,3,34.3,48.2,,run
2026-08-11T22:25:20+03:00,1786476320,8437,69,3,34.3,44.8,,run
2026-08-11T22:25:26+03:00,1786476326,8443,69,3,34.3,42.0,,run
2026-08-11T22:25:31+03:00,1786476331,8448,69,3,34.3,43.9,,run
2026-08-11T22:25:36+03:00,1786476336,8453,69,3,34.3,41.7,,run
2026-08-11T22:25:42+03:00,1786476342,8459,69,3,34.3,41.1,,run
2026-08-11T22:25:47+03:00,1786476347,8464,69,3,34.3,41.1,,run
2026-08-11T22:25:53+03:00,1786476353,8470,,,,,,run
2026-08-11T22:25:58+03:00,1786476358,8475,,,,,,run
2026-08-11T22:26:03+03:00,1786476363,8480,69,3,34.3,42.9,,run
2026-08-11T22:26:08+03:00,1786476368,8485,69,3,34.3,44.8,,run
2026-08-11T22:26:14+03:00,1786476374,8491,69,3,34.3,44.2,,run
2026-08-11T22:26:19+03:00,1786476379,8496,69,3,34.3,45.4,,run
2026-08-11T22:26:24+03:00,1786476384,8501,69,3,34.3,42.6,,run
2026-08-11T22:26:30+03:00,1786476390,8507,69,3,34.3,44.8,,run
2026-08-11T22:26:35+03:00,1786476395,8512,69,3,34.3,46.7,,run
2026-08-11T22:26:40+03:00,1786476400,8517,69,3,34.3,50.1,,run
2026-08-11T22:26:46+03:00,1786476406,8523,69,3,34.3,44.8,,run
2026-08-11T22:26:51+03:00,1786476411,8528,,,,,,run
2026-08-11T22:26:56+03:00,1786476416,8533,69,3,34.3,45.4,,run
2026-08-11T22:27:01+03:00,1786476421,8538,69,3,34.3,42.9,,run
2026-08-11T22:27:07+03:00,1786476427,8544,69,3,34.3,46.7,,run
2026-08-11T22:27:12+03:00,1786476432,8549,,,,,,run
2026-08-11T22:27:17+03:00,1786476437,8554,69,3,34.3,48.5,,run
2026-08-11T22:27:22+03:00,1786476442,8559,69,3,34.3,49.7,,run
2026-08-11T22:27:28+03:00,1786476448,8565,69,3,34.3,49.7,,run
2026-08-11T22:27:33+03:00,1786476453,8570,69,3,34.3,47.3,,run
2026-08-11T22:27:38+03:00,1786476458,8575,69,3,34.3,43.9,,run
2026-08-11T22:27:44+03:00,1786476464,8581,,,,,,run
2026-08-11T22:27:49+03:00,1786476469,8586,69,3,34.3,56.5,,run
2026-08-11T22:27:54+03:00,1786476474,8591,,,,,,run
2026-08-11T22:27:59+03:00,1786476479,8596,,,,,,run
2026-08-11T22:28:04+03:00,1786476484,8601,,,,,,run
2026-08-11T22:28:09+03:00,1786476489,8606,,,,,,run
2026-08-11T22:28:14+03:00,1786476494,8611,,,,,,run
2026-08-11T22:28:19+03:00,1786476499,8616,,,,,,run
2026-08-11T22:28:24+03:00,1786476504,8621,,,,,,run
2026-08-11T22:28:29+03:00,1786476509,8626,,,,,,run
2026-08-11T22:28:34+03:00,1786476514,8631,,,,,,run
2026-08-11T22:28:39+03:00,1786476519,8636,,,,,,run
2026-08-11T22:28:44+03:00,1786476524,8641,,,,,,run
2026-08-11T22:28:49+03:00,1786476529,8646,,,,,,run
2026-08-11T22:28:54+03:00,1786476534,8651,,,,,,run
2026-08-11T22:28:59+03:00,1786476539,8656,,,,,,run
2026-08-11T22:29:04+03:00,1786476544,8661,,,,,,run
2026-08-11T22:29:09+03:00,1786476549,8666,,,,,,run
2026-08-11T22:29:14+03:00,1786476554,8671,,,,,,run
2026-08-11T22:29:20+03:00,1786476560,8677,,,,,,run
2026-08-11T22:29:25+03:00,1786476565,8682,,,,,,run
2026-08-11T22:29:30+03:00,1786476570,8687,,,,,,run
2026-08-11T22:29:35+03:00,1786476575,8692,,,,,,run
2026-08-11T22:29:40+03:00,1786476580,8697,,,,,,run
2026-08-11T22:29:45+03:00,1786476585,8702,,,,,,run
2026-08-11T22:29:50+03:00,1786476590,8707,,,,,,run
2026-08-11T22:29:55+03:00,1786476595,8712,,,,,,run
2026-08-11T22:30:00+03:00,1786476600,8717,,,,,,run
2026-08-11T22:30:05+03:00,1786476605,8722,,,,,,run
2026-08-11T22:30:10+03:00,1786476610,8727,,,,,,run
2026-08-11T22:30:15+03:00,1786476615,8732,,,,,,run
2026-08-11T22:30:20+03:00,1786476620,8737,,,,,,run
2026-08-11T22:30:25+03:00,1786476625,8742,,,,,,run
2026-08-11T22:30:30+03:00,1786476630,8747,,,,,,run
2026-08-11T22:30:35+03:00,1786476635,8752,,,,,,run
2026-08-11T22:30:40+03:00,1786476640,8757,,,,,,run
2026-08-11T22:30:45+03:00,1786476645,8762,,,,,,run
2026-08-11T22:30:50+03:00,1786476650,8767,,,,,,run
2026-08-11T22:30:55+03:00,1786476655,8772,,,,,,run
2026-08-11T22:31:00+03:00,1786476660,8777,,,,,,run
2026-08-11T22:31:05+03:00,1786476665,8782,,,,,,run
2026-08-11T22:31:11+03:00,1786476671,8788,,,,,,run
2026-08-11T22:31:16+03:00,1786476676,8793,,,,,,run
2026-08-11T22:31:21+03:00,1786476681,8798,,,,,,run
2026-08-11T22:31:26+03:00,1786476686,8803,,,,,,run
2026-08-11T22:31:31+03:00,1786476691,8808,,,,,,run
2026-08-11T22:31:36+03:00,1786476696,8813,,,,,,run
2026-08-11T22:31:41+03:00,1786476701,8818,,,,,,run
2026-08-11T22:31:46+03:00,1786476706,8823,,,,,,run
2026-08-11T22:31:51+03:00,1786476711,8828,,,,,,run
2026-08-11T22:31:56+03:00,1786476716,8833,,,,,,run
2026-08-11T22:32:01+03:00,1786476721,8838,,,,,,run
2026-08-11T22:32:06+03:00,1786476726,8843,,,,,,run
2026-08-11T22:32:11+03:00,1786476731,8848,,,,,,run
2026-08-11T22:32:16+03:00,1786476736,8853,,,,,,run
2026-08-11T22:32:21+03:00,1786476741,8858,,,,,,run
2026-08-11T22:32:26+03:00,1786476746,8863,,,,,,run
2026-08-11T22:32:31+03:00,1786476751,8868,,,,,,run
2026-08-11T22:32:36+03:00,1786476756,8873,,,,,,run
2026-08-11T22:32:41+03:00,1786476761,8878,,,,,,run
2026-08-11T22:32:46+03:00,1786476766,8883,,,,,,run
2026-08-11T22:32:51+03:00,1786476771,8888,,,,,,run
2026-08-11T22:32:56+03:00,1786476776,8893,,,,,,run
2026-08-11T22:33:01+03:00,1786476781,8898,,,,,,run
2026-08-11T22:33:07+03:00,1786476787,8904,,,,,,run
2026-08-11T22:33:12+03:00,1786476792,8909,,,,,,run
2026-08-11T22:33:17+03:00,1786476797,8914,,,,,,run
2026-08-11T22:33:22+03:00,1786476802,8919,,,,,,run
2026-08-11T22:33:27+03:00,1786476807,8924,,,,,,run
2026-08-11T22:33:32+03:00,1786476812,8929,,,,,,run
2026-08-11T22:33:37+03:00,1786476817,8934,,,,,,run
2026-08-11T22:33:42+03:00,1786476822,8939,,,,,,run
2026-08-11T22:33:47+03:00,1786476827,8944,,,,,,run
2026-08-11T22:33:52+03:00,1786476832,8949,,,,,,run
2026-08-11T22:33:57+03:00,1786476837,8954,,,,,,run
2026-08-11T22:34:02+03:00,1786476842,8959,,,,,,run
2026-08-11T22:34:07+03:00,1786476847,8964,,,,,,run
2026-08-11T22:34:12+03:00,1786476852,8969,,,,,,run
2026-08-11T22:34:17+03:00,1786476857,8974,,,,,,run
2026-08-11T22:34:22+03:00,1786476862,8979,,,,,,run
2026-08-11T22:34:27+03:00,1786476867,8984,,,,,,run
2026-08-11T22:34:32+03:00,1786476872,8989,,,,,,run
2026-08-11T22:34:37+03:00,1786476877,8994,,,,,,run
2026-08-11T22:34:42+03:00,1786476882,8999,,,,,,run
2026-08-11T22:34:47+03:00,1786476887,9004,,,,,,run
2026-08-11T22:34:52+03:00,1786476892,9009,,,,,,run
2026-08-11T22:34:58+03:00,1786476898,9015,,,,,,run
2026-08-11T22:35:03+03:00,1786476903,9020,,,,,,run
2026-08-11T22:35:08+03:00,1786476908,9025,,,,,,run
2026-08-11T22:35:13+03:00,1786476913,9030,,,,,,run
2026-08-11T22:35:18+03:00,1786476918,9035,,,,,,run
2026-08-11T22:35:23+03:00,1786476923,9040,,,,,,run
2026-08-11T22:35:28+03:00,1786476928,9045,,,,,,run
2026-08-11T22:35:33+03:00,1786476933,9050,,,,,,run
2026-08-11T22:35:38+03:00,1786476938,9055,,,,,,run
2026-08-11T22:35:43+03:00,1786476943,9060,,,,,,run
2026-08-11T22:35:48+03:00,1786476948,9065,,,,,,run
2026-08-11T22:35:53+03:00,1786476953,9070,,,,,,run
2026-08-11T22:35:58+03:00,1786476958,9075,,,,,,run
2026-08-11T22:36:03+03:00,1786476963,9080,,,,,,run
2026-08-11T22:36:08+03:00,1786476968,9085,,,,,,run
2026-08-11T22:36:13+03:00,1786476973,9090,,,,,,run
2026-08-11T22:36:18+03:00,1786476978,9095,,,,,,run
2026-08-11T22:36:23+03:00,1786476983,9100,,,,,,run
2026-08-11T22:36:28+03:00,1786476988,9105,,,,,,run
2026-08-11T22:36:33+03:00,1786476993,9110,,,,,,run
2026-08-11T22:36:38+03:00,1786476998,9115,,,,,,run
2026-08-11T22:36:43+03:00,1786477003,9120,,,,,,run
2026-08-11T22:36:48+03:00,1786477008,9125,,,,,,run
2026-08-11T22:36:54+03:00,1786477014,9131,,,,,,run
2026-08-11T22:36:59+03:00,1786477019,9136,,,,,,run
2026-08-11T22:37:04+03:00,1786477024,9141,,,,,,run
2026-08-11T22:37:09+03:00,1786477029,9146,,,,,,run
2026-08-11T22:37:14+03:00,1786477034,9151,,,,,,run
2026-08-11T22:37:19+03:00,1786477039,9156,,,,,,run
2026-08-11T22:37:24+03:00,1786477044,9161,,,,,,run
2026-08-11T22:37:29+03:00,1786477049,9166,,,,,,run
2026-08-11T22:37:34+03:00,1786477054,9171,,,,,,run
2026-08-11T22:37:39+03:00,1786477059,9176,,,,,,run
2026-08-11T22:37:44+03:00,1786477064,9181,,,,,,run
2026-08-11T22:37:49+03:00,1786477069,9186,,,,,,run
2026-08-11T22:37:54+03:00,1786477074,9191,,,,,,run
2026-08-11T22:37:59+03:00,1786477079,9196,,,,,,run
2026-08-11T22:38:04+03:00,1786477084,9201,,,,,,run
2026-08-11T22:38:09+03:00,1786477089,9206,,,,,,run
2026-08-11T22:38:14+03:00,1786477094,9211,,,,,,run
2026-08-11T22:38:19+03:00,1786477099,9216,,,,,,run
2026-08-11T22:38:24+03:00,1786477104,9221,,,,,,run
2026-08-11T22:38:29+03:00,1786477109,9226,,,,,,run
2026-08-11T22:38:34+03:00,1786477114,9231,,,,,,run
2026-08-11T22:38:39+03:00,1786477119,9236,,,,,,run
2026-08-11T22:38:45+03:00,1786477125,9242,,,,,,run
2026-08-11T22:38:50+03:00,1786477130,9247,,,,,,run
2026-08-11T22:38:55+03:00,1786477135,9252,,,,,,run
2026-08-11T22:39:00+03:00,1786477140,9257,,,,,,run
2026-08-11T22:39:05+03:00,1786477145,9262,,,,,,run
2026-08-11T22:39:10+03:00,1786477150,9267,,,,,,run
2026-08-11T22:39:15+03:00,1786477155,9272,,,,,,run
2026-08-11T22:39:20+03:00,1786477160,9277,,,,,,run
2026-08-11T22:39:25+03:00,1786477165,9282,,,,,,run
2026-08-11T22:39:30+03:00,1786477170,9287,,,,,,run
2026-08-11T22:39:35+03:00,1786477175,9292,,,,,,run
2026-08-11T22:39:40+03:00,1786477180,9297,,,,,,run
2026-08-11T22:39:45+03:00,1786477185,9302,,,,,,run
2026-08-11T22:39:50+03:00,1786477190,9307,,,,,,run
2026-08-11T22:39:55+03:00,1786477195,9312,,,,,,run
2026-08-11T22:40:00+03:00,1786477200,9317,,,,,,run
2026-08-11T22:40:05+03:00,1786477205,9322,,,,,,run
2026-08-11T22:40:10+03:00,1786477210,9327,,,,,,run
2026-08-11T22:40:15+03:00,1786477215,9332,,,,,,run
2026-08-11T22:40:20+03:00,1786477220,9337,,,,,,run
2026-08-11T22:40:25+03:00,1786477225,9342,,,,,,run
2026-08-11T22:40:30+03:00,1786477230,9347,,,,,,run
2026-08-11T22:40:35+03:00,1786477235,9352,,,,,,run
2026-08-11T22:40:41+03:00,1786477241,9358,,,,,,run
2026-08-11T22:40:46+03:00,1786477246,9363,,,,,,run
2026-08-11T22:40:51+03:00,1786477251,9368,,,,,,run
2026-08-11T22:40:56+03:00,1786477256,9373,,,,,,run
2026-08-11T22:41:01+03:00,1786477261,9378,,,,,,run
2026-08-11T22:41:06+03:00,1786477266,9383,,,,,,run
2026-08-11T22:41:11+03:00,1786477271,9388,,,,,,run
2026-08-11T22:41:16+03:00,1786477276,9393,,,,,,run
2026-08-11T22:41:21+03:00,1786477281,9398,,,,,,run
2026-08-11T22:41:26+03:00,1786477286,9403,,,,,,run
2026-08-11T22:41:31+03:00,1786477291,9408,,,,,,run
2026-08-11T22:41:36+03:00,1786477296,9413,,,,,,run
2026-08-11T22:41:41+03:00,1786477301,9418,,,,,,run
2026-08-11T22:41:46+03:00,1786477306,9423,,,,,,run
2026-08-11T22:41:51+03:00,1786477311,9428,,,,,,run
2026-08-11T22:41:56+03:00,1786477316,9433,,,,,,run
2026-08-11T22:42:01+03:00,1786477321,9438,,,,,,run
2026-08-11T22:42:06+03:00,1786477326,9443,,,,,,run
2026-08-11T22:42:11+03:00,1786477331,9448,,,,,,run
2026-08-11T22:42:16+03:00,1786477336,9453,,,,,,run
2026-08-11T22:42:21+03:00,1786477341,9458,,,,,,run
2026-08-11T22:42:26+03:00,1786477346,9463,,,,,,run
2026-08-11T22:42:32+03:00,1786477352,9469,,,,,,run
2026-08-11T22:42:37+03:00,1786477357,9474,,,,,,run
2026-08-11T22:42:42+03:00,1786477362,9479,,,,,,run
2026-08-11T22:42:47+03:00,1786477367,9484,,,,,,run
2026-08-11T22:42:52+03:00,1786477372,9489,,,,,,run
2026-08-11T22:42:57+03:00,1786477377,9494,,,,,,run
2026-08-11T22:43:02+03:00,1786477382,9499,,,,,,run
2026-08-11T22:43:07+03:00,1786477387,9504,,,,,,run
2026-08-11T22:43:12+03:00,1786477392,9509,,,,,,run
2026-08-11T22:43:17+03:00,1786477397,9514,,,,,,run
2026-08-11T22:43:22+03:00,1786477402,9519,,,,,,run
2026-08-11T22:43:27+03:00,1786477407,9524,,,,,,run
2026-08-11T22:43:32+03:00,1786477412,9529,,,,,,run
2026-08-11T22:43:37+03:00,1786477417,9534,,,,,,run
2026-08-11T22:43:42+03:00,1786477422,9539,,,,,,run
2026-08-11T22:43:47+03:00,1786477427,9544,,,,,,run
2026-08-11T22:43:52+03:00,1786477432,9549,,,,,,run
2026-08-11T22:43:57+03:00,1786477437,9554,,,,,,run
2026-08-11T22:44:02+03:00,1786477442,9559,,,,,,run
2026-08-11T22:44:07+03:00,1786477447,9564,,,,,,end
2026-08-11T23:03:02+03:00,1786478582,10699,66,3,33.8,44.2,,run
2026-08-12T01:15:22+03:00,1786486522,18639,53,3,32.7,44.5,,end
