iso_ts,epoch,elapsed_s,batt_level,batt_status,batt_temp_c,soc_temp_c,current_ma,event,run_elapsed_s,phase
2026-09-18T08:58:25+03:00,1789711105,8311,73,3,29.9,39.5,,run,4.653,measure
2026-09-18T08:58:30+03:00,1789711110,8316,73,3,29.9,39.2,,run,9.653,measure
2026-09-18T08:58:35+03:00,1789711115,8321,73,3,29.9,39.2,,run,14.653,measure
2026-09-18T08:58:40+03:00,1789711120,8326,73,3,29.9,45.1,,run,19.653,measure
2026-09-18T08:58:46+03:00,1789711126,8332,73,3,29.9,40.5,,run,25.653,measure
2026-09-18T08:58:51+03:00,1789711131,8337,73,3,29.9,40.2,,run,30.653,measure
2026-09-18T08:58:56+03:00,1789711136,8342,73,3,29.9,39.2,,run,35.653,measure
2026-09-18T08:59:01+03:00,1789711141,8347,73,3,29.9,39.5,,run,40.653,measure
2026-09-18T08:59:07+03:00,1789711147,8353,73,3,29.9,39.8,,run,46.653,measure
2026-09-18T08:59:12+03:00,1789711152,8358,73,3,29.9,39.2,,run,51.653,measure
2026-09-18T08:59:17+03:00,1789711157,8363,73,3,29.9,39.8,,run,56.653,measure
2026-09-18T08:59:22+03:00,1789711162,8368,73,3,29.9,38.6,,run,61.653,measure
2026-09-18T08:59:27+03:00,1789711167,8373,73,3,29.9,38.9,,run,66.653,measure
2026-09-18T08:59:33+03:00,1789711173,8379,73,3,29.9,38.6,,run,72.653,measure
2026-09-18T08:59:38+03:00,1789711178,8384,73,3,29.9,38.3,,run,77.653,measure
2026-09-18T08:59:43+03:00,1789711183,8389,73,3,29.9,38.3,,run,82.653,measure
2026-09-18T08:59:48+03:00,1789711188,8394,73,3,29.9,38.6,,run,87.653,measure
2026-09-18T08:59:54+03:00,1789711194,8400,73,3,29.9,48.5,,run,93.653,measure
2026-09-18T08:59:59+03:00,1789711199,8405,73,3,29.9,39.8,,run,98.653,measure
