iso_ts,epoch,elapsed_s,batt_level,batt_status,batt_temp_c,soc_temp_c,current_ma,event
2026-09-16T15:40:15+03:00,1789562415,0,54,3,29.5,39.2,,run
2026-09-16T15:40:20+03:00,1789562420,5,54,3,29.5,38.3,,run
2026-09-16T15:40:25+03:00,1789562425,10,54,3,29.5,37.7,,run
2026-09-16T15:40:30+03:00,1789562430,15,54,3,29.5,37.4,,run
2026-09-16T15:40:36+03:00,1789562436,21,54,3,29.5,36.8,,run
2026-09-16T15:40:41+03:00,1789562441,26,54,3,29.5,37.7,,run
2026-09-16T15:40:46+03:00,1789562446,31,54,3,29.5,36.1,,run
2026-09-16T15:40:51+03:00,1789562451,36,54,3,29.5,36.8,,run
2026-09-16T15:40:57+03:00,1789562457,42,54,3,29.5,36.1,,run
2026-09-16T15:41:02+03:00,1789562462,47,54,3,29.5,37.4,,run
2026-09-16T15:41:07+03:00,1789562467,52,54,3,29.5,37.1,,run
2026-09-16T15:41:12+03:00,1789562472,57,54,3,29.5,38.3,,run
2026-09-16T15:41:17+03:00,1789562477,62,54,3,29.5,36.8,,run
2026-09-16T15:41:23+03:00,1789562483,68,54,3,29.5,36.4,,run
2026-09-16T15:41:28+03:00,1789562488,73,54,3,29.5,36.4,,run
2026-09-16T15:41:33+03:00,1789562493,78,54,3,29.5,36.4,,run
2026-09-16T15:41:38+03:00,1789562498,83,54,3,29.5,36.4,,run
2026-09-16T15:41:44+03:00,1789562504,89,54,3,29.5,36.4,,run
2026-09-16T15:41:49+03:00,1789562509,94,54,3,29.5,50.1,,run
2026-09-16T15:41:54+03:00,1789562514,99,54,3,29.5,38.6,,run
2026-09-16T15:41:59+03:00,1789562519,104,54,3,29.5,37.7,,run
2026-09-16T15:42:05+03:00,1789562525,110,54,3,29.5,37.7,,run
2026-09-16T15:42:10+03:00,1789562530,115,54,3,29.5,38.6,,run
2026-09-16T15:42:15+03:00,1789562535,120,54,3,29.5,38.6,,run
2026-09-16T15:42:20+03:00,1789562540,125,54,3,29.5,38.3,,run
2026-09-16T15:42:25+03:00,1789562545,130,54,3,29.5,37.4,,run
2026-09-16T15:42:31+03:00,1789562551,136,54,3,29.5,37.1,,run
2026-09-16T15:42:36+03:00,1789562556,141,54,3,29.5,38.3,,run
2026-09-16T15:42:41+03:00,1789562561,146,54,3,29.5,37.7,,run
2026-09-16T15:42:46+03:00,1789562566,151,54,3,29.5,38.3,,run
2026-09-16T15:42:52+03:00,1789562572,157,54,3,29.5,37.4,,run
2026-09-16T15:42:57+03:00,1789562577,162,54,3,29.5,38.0,,run
2026-09-16T15:43:02+03:00,1789562582,167,54,3,29.5,39.2,,run
2026-09-16T15:43:07+03:00,1789562587,172,54,3,29.5,51.3,,run
2026-09-16T15:43:13+03:00,1789562593,178,54,3,29.5,39.8,,run
2026-09-16T15:43:18+03:00,1789562598,183,54,3,29.5,39.2,,run
2026-09-16T15:43:23+03:00,1789562603,188,54,3,29.5,37.7,,run
2026-09-16T15:43:28+03:00,1789562608,193,54,3,29.5,37.1,,run
2026-09-16T15:43:34+03:00,1789562614,199,54,3,29.5,36.1,,run
2026-09-16T15:43:39+03:00,1789562619,204,54,3,29.5,37.4,,run
2026-09-16T15:43:44+03:00,1789562624,209,54,3,29.5,37.1,,run
2026-09-16T15:43:49+03:00,1789562629,214,54,3,29.5,37.1,,run
2026-09-16T15:43:55+03:00,1789562635,220,54,3,29.5,50.7,,run
2026-09-16T15:44:00+03:00,1789562640,225,54,3,29.5,39.5,,run
2026-09-16T15:44:05+03:00,1789562645,230,54,3,29.5,38.0,,run
2026-09-16T15:44:10+03:00,1789562650,235,54,3,29.5,37.7,,run
2026-09-16T15:44:15+03:00,1789562655,240,54,3,29.5,38.6,,run
2026-09-16T15:44:21+03:00,1789562661,246,54,3,29.5,38.3,,run
2026-09-16T15:44:26+03:00,1789562666,251,54,3,29.5,38.0,,run
2026-09-16T15:44:31+03:00,1789562671,256,54,3,29.5,37.1,,run
2026-09-16T15:44:36+03:00,1789562676,261,54,3,29.5,38.6,,run
2026-09-16T15:44:42+03:00,1789562682,267,54,3,29.4,38.3,,run
2026-09-16T15:44:47+03:00,1789562687,272,54,3,29.4,37.7,,run
2026-09-16T15:44:52+03:00,1789562692,277,54,3,29.4,38.3,,run
2026-09-16T15:44:57+03:00,1789562697,282,54,3,29.4,38.0,,run
2026-09-16T15:45:02+03:00,1789562702,287,54,3,29.4,38.0,,run
2026-09-16T15:45:08+03:00,1789562708,293,54,3,29.4,38.9,,run
2026-09-16T15:45:13+03:00,1789562713,298,54,3,29.4,47.9,,run
2026-09-16T15:45:18+03:00,1789562718,303,54,3,29.4,38.6,,run
2026-09-16T15:45:23+03:00,1789562723,308,54,3,29.4,38.0,,run
2026-09-16T15:45:29+03:00,1789562729,314,54,3,29.4,38.3,,run
2026-09-16T15:45:34+03:00,1789562734,319,54,3,29.4,37.4,,run
2026-09-16T15:45:39+03:00,1789562739,324,54,3,29.4,36.8,,run
2026-09-16T15:45:44+03:00,1789562744,329,54,3,29.4,36.8,,run
2026-09-16T15:45:49+03:00,1789562749,334,54,3,29.4,36.4,,run
2026-09-16T15:45:55+03:00,1789562755,340,54,3,29.4,38.9,,run
2026-09-16T15:46:00+03:00,1789562760,345,54,3,29.4,49.4,,run
2026-09-16T15:46:05+03:00,1789562765,350,54,3,29.4,39.2,,run
2026-09-16T15:46:10+03:00,1789562770,355,54,3,29.4,39.2,,run
2026-09-16T15:46:16+03:00,1789562776,361,54,3,29.4,38.3,,run
2026-09-16T15:46:21+03:00,1789562781,366,54,3,29.4,38.3,,run
2026-09-16T15:46:26+03:00,1789562786,371,53,3,29.5,39.2,,run
2026-09-16T15:46:31+03:00,1789562791,376,53,3,29.5,37.7,,run
2026-09-16T15:46:37+03:00,1789562797,382,53,3,29.5,37.7,,run
2026-09-16T15:46:42+03:00,1789562802,387,53,3,29.5,37.7,,run
2026-09-16T15:46:47+03:00,1789562807,392,53,3,29.5,38.3,,run
2026-09-16T15:46:52+03:00,1789562812,397,53,3,29.5,38.0,,run
2026-09-16T15:46:57+03:00,1789562817,402,53,3,29.5,38.6,,run
2026-09-16T15:47:03+03:00,1789562823,408,53,3,29.5,38.9,,run
2026-09-16T15:47:08+03:00,1789562828,413,53,3,29.5,38.3,,run
2026-09-16T15:47:13+03:00,1789562833,418,53,3,29.5,42.9,,run
2026-09-16T15:47:18+03:00,1789562838,423,53,3,29.5,47.0,,run
2026-09-16T15:47:24+03:00,1789562844,429,53,3,29.5,39.8,,run
2026-09-16T15:47:29+03:00,1789562849,434,53,3,29.5,37.4,,run
2026-09-16T15:47:34+03:00,1789562854,439,53,3,29.5,36.8,,run
2026-09-16T15:47:39+03:00,1789562859,444,53,3,29.5,37.4,,run
2026-09-16T15:47:44+03:00,1789562864,449,53,3,29.5,38.3,,run
2026-09-16T15:47:50+03:00,1789562870,455,53,3,29.5,37.7,,run
2026-09-16T15:47:55+03:00,1789562875,460,53,3,29.5,37.4,,run
2026-09-16T15:48:00+03:00,1789562880,465,53,3,29.5,48.2,,run
2026-09-16T15:48:06+03:00,1789562886,471,53,3,29.5,41.7,,run
2026-09-16T15:48:11+03:00,1789562891,476,53,3,29.5,39.5,,run
2026-09-16T15:48:16+03:00,1789562896,481,53,3,29.5,38.0,,run
2026-09-16T15:48:21+03:00,1789562901,486,53,3,29.5,38.9,,run
2026-09-16T15:48:26+03:00,1789562906,491,53,3,29.5,38.3,,run
2026-09-16T15:48:32+03:00,1789562912,497,53,3,29.5,38.6,,run
2026-09-16T15:48:37+03:00,1789562917,502,53,3,29.5,38.6,,run
2026-09-16T15:48:42+03:00,1789562922,507,53,3,29.5,37.7,,run
2026-09-16T15:48:47+03:00,1789562927,512,53,3,29.5,38.3,,run
2026-09-16T15:48:53+03:00,1789562933,518,53,3,29.5,38.6,,run
2026-09-16T15:48:58+03:00,1789562938,523,53,3,29.5,38.3,,run
2026-09-16T15:49:03+03:00,1789562943,528,53,3,29.5,38.3,,run
2026-09-16T15:49:08+03:00,1789562948,533,53,3,29.5,37.7,,run
2026-09-16T15:49:13+03:00,1789562953,538,53,3,29.5,37.7,,run
2026-09-16T15:49:19+03:00,1789562959,544,53,3,29.5,40.2,,run
2026-09-16T15:49:24+03:00,1789562964,549,53,3,29.5,42.6,,run
2026-09-16T15:49:29+03:00,1789562969,554,53,3,29.5,42.9,,run
2026-09-16T15:49:34+03:00,1789562974,559,53,3,29.5,38.0,,run
2026-09-16T15:49:40+03:00,1789562980,565,53,3,29.5,37.1,,run
2026-09-16T15:49:45+03:00,1789562985,570,53,3,29.5,37.1,,run
2026-09-16T15:49:50+03:00,1789562990,575,53,3,29.5,37.1,,run
2026-09-16T15:49:55+03:00,1789562995,580,53,3,29.5,37.1,,run
2026-09-16T15:50:00+03:00,1789563000,585,53,3,29.5,37.1,,run
2026-09-16T15:50:06+03:00,1789563006,591,53,3,29.5,49.4,,run
2026-09-16T15:50:11+03:00,1789563011,596,53,3,29.5,40.2,,run
2026-09-16T15:50:16+03:00,1789563016,601,53,3,29.5,38.3,,run
2026-09-16T15:50:21+03:00,1789563021,606,53,3,29.5,38.3,,run
2026-09-16T15:50:27+03:00,1789563027,612,53,3,29.5,38.9,,run
2026-09-16T15:50:32+03:00,1789563032,617,53,3,29.5,38.9,,run
2026-09-16T15:50:37+03:00,1789563037,622,53,3,29.5,37.4,,run
2026-09-16T15:50:42+03:00,1789563042,627,53,3,29.5,38.6,,run
2026-09-16T15:50:48+03:00,1789563048,633,53,3,29.5,38.3,,run
2026-09-16T15:50:53+03:00,1789563053,638,53,3,29.5,38.9,,run
2026-09-16T15:50:58+03:00,1789563058,643,53,3,29.5,38.0,,run
2026-09-16T15:51:03+03:00,1789563063,648,53,3,29.5,37.4,,run
2026-09-16T15:51:08+03:00,1789563068,653,53,3,29.5,38.6,,run
2026-09-16T15:51:14+03:00,1789563074,659,53,3,29.5,37.4,,run
2026-09-16T15:51:19+03:00,1789563079,664,53,3,29.5,42.6,,run
2026-09-16T15:51:24+03:00,1789563084,669,53,3,29.5,44.8,,run
2026-09-16T15:51:29+03:00,1789563089,674,53,3,29.5,40.2,,run
2026-09-16T15:51:35+03:00,1789563095,680,53,3,29.5,37.4,,run
2026-09-16T15:51:40+03:00,1789563100,685,53,3,29.5,37.7,,run
2026-09-16T15:51:45+03:00,1789563105,690,53,3,29.5,37.4,,run
2026-09-16T15:51:50+03:00,1789563110,695,53,3,29.5,48.5,,run
2026-09-16T15:51:56+03:00,1789563116,701,53,3,29.5,39.8,,run
2026-09-16T15:52:01+03:00,1789563121,706,53,3,29.5,38.6,,run
2026-09-16T15:52:06+03:00,1789563126,711,53,3,29.5,38.6,,run
2026-09-16T15:52:11+03:00,1789563131,716,53,3,29.5,38.9,,run
2026-09-16T15:52:16+03:00,1789563136,721,53,3,29.5,38.9,,run
2026-09-16T15:52:22+03:00,1789563142,727,53,3,29.5,38.9,,run
2026-09-16T15:52:27+03:00,1789563147,732,53,3,29.5,37.7,,run
2026-09-16T15:52:32+03:00,1789563152,737,53,3,29.5,38.3,,run
2026-09-16T15:52:37+03:00,1789563157,742,53,3,29.5,38.0,,run
2026-09-16T15:52:42+03:00,1789563162,747,53,3,29.5,38.9,,run
2026-09-16T15:52:48+03:00,1789563168,753,53,3,29.5,38.6,,run
2026-09-16T15:52:53+03:00,1789563173,758,53,3,29.5,37.4,,run
2026-09-16T15:52:58+03:00,1789563178,763,53,3,29.5,37.4,,run
2026-09-16T15:53:03+03:00,1789563183,768,53,3,29.5,42.0,,run
2026-09-16T15:53:09+03:00,1789563189,774,53,3,29.5,40.2,,run
2026-09-16T15:53:14+03:00,1789563194,779,53,3,29.5,42.3,,run
2026-09-16T15:53:19+03:00,1789563199,784,53,3,29.5,45.7,,run
2026-09-16T15:53:24+03:00,1789563204,789,53,3,29.5,39.2,,run
2026-09-16T15:53:30+03:00,1789563210,795,53,3,29.5,37.4,,run
2026-09-16T15:53:35+03:00,1789563215,800,53,3,29.5,38.6,,run
2026-09-16T15:53:40+03:00,1789563220,805,53,3,29.5,37.4,,run
2026-09-16T15:53:45+03:00,1789563225,810,53,3,29.5,38.6,,run
2026-09-16T15:53:50+03:00,1789563230,815,53,3,29.5,50.1,,run
2026-09-16T15:53:56+03:00,1789563236,821,53,3,29.5,40.2,,run
2026-09-16T15:54:01+03:00,1789563241,826,53,3,29.5,39.2,,run
2026-09-16T15:54:06+03:00,1789563246,831,53,3,29.5,38.0,,run
2026-09-16T15:54:11+03:00,1789563251,836,53,3,29.5,38.3,,run
2026-09-16T15:54:17+03:00,1789563257,842,53,3,29.5,37.7,,run
2026-09-16T15:54:22+03:00,1789563262,847,53,3,29.5,38.9,,run
2026-09-16T15:54:27+03:00,1789563267,852,53,3,29.5,38.3,,run
2026-09-16T15:54:32+03:00,1789563272,857,53,3,29.5,38.0,,run
2026-09-16T15:54:38+03:00,1789563278,863,53,3,29.5,37.1,,run
2026-09-16T15:54:43+03:00,1789563283,868,53,3,29.6,37.4,,run
2026-09-16T15:54:48+03:00,1789563288,873,53,3,29.6,37.7,,run
2026-09-16T15:54:53+03:00,1789563293,878,53,3,29.6,37.1,,run
2026-09-16T15:54:58+03:00,1789563298,883,53,3,29.6,37.7,,run
2026-09-16T15:55:04+03:00,1789563304,889,53,3,29.6,38.0,,run
2026-09-16T15:55:09+03:00,1789563309,894,53,3,29.6,37.7,,run
2026-09-16T15:55:14+03:00,1789563314,899,53,3,29.6,38.3,,run
2026-09-16T15:55:19+03:00,1789563319,904,53,3,29.6,37.7,,run
2026-09-16T15:55:25+03:00,1789563325,910,53,3,29.6,37.4,,run
2026-09-16T15:55:30+03:00,1789563330,915,53,3,29.6,37.7,,run
2026-09-16T15:55:35+03:00,1789563335,920,53,3,29.6,38.0,,run
2026-09-16T15:55:40+03:00,1789563340,925,53,3,29.6,37.7,,run
2026-09-16T15:55:45+03:00,1789563345,930,53,3,29.6,37.4,,run
2026-09-16T15:55:51+03:00,1789563351,936,53,3,29.6,38.3,,run
2026-09-16T15:55:56+03:00,1789563356,941,53,3,29.6,37.4,,run
2026-09-16T15:56:01+03:00,1789563361,946,53,3,29.6,38.0,,run
2026-09-16T15:56:06+03:00,1789563366,951,53,3,29.6,37.7,,run
2026-09-16T15:56:12+03:00,1789563372,957,53,3,29.6,38.3,,run
2026-09-16T15:56:17+03:00,1789563377,962,53,3,29.6,37.7,,run
2026-09-16T15:56:22+03:00,1789563382,967,53,3,29.6,37.1,,run
2026-09-16T15:56:27+03:00,1789563387,972,53,3,29.6,36.8,,run
2026-09-16T15:56:32+03:00,1789563392,977,53,3,29.6,36.8,,run
2026-09-16T15:56:38+03:00,1789563398,983,53,3,29.6,38.3,,run
2026-09-16T15:56:43+03:00,1789563403,988,53,3,29.6,37.1,,run
2026-09-16T15:56:48+03:00,1789563408,993,53,3,29.6,37.7,,run
2026-09-16T15:56:53+03:00,1789563413,998,53,3,29.6,37.1,,run
2026-09-16T15:56:59+03:00,1789563419,1004,53,3,29.6,38.0,,run
2026-09-16T15:57:04+03:00,1789563424,1009,53,3,29.6,36.4,,run
2026-09-16T15:57:09+03:00,1789563429,1014,53,3,29.6,37.4,,run
2026-09-16T15:57:14+03:00,1789563434,1019,53,3,29.6,37.4,,run
2026-09-16T15:57:19+03:00,1789563439,1024,53,3,29.6,37.4,,run
2026-09-16T15:57:25+03:00,1789563445,1030,53,3,29.6,36.8,,run
2026-09-16T15:57:30+03:00,1789563450,1035,53,3,29.6,37.7,,run
2026-09-16T15:57:35+03:00,1789563455,1040,53,3,29.6,36.8,,run
2026-09-16T15:57:40+03:00,1789563460,1045,53,3,29.6,37.7,,run
2026-09-16T15:57:45+03:00,1789563465,1050,53,3,29.6,37.1,,run
2026-09-16T15:57:51+03:00,1789563471,1056,53,3,29.6,37.4,,run
2026-09-16T15:57:56+03:00,1789563476,1061,53,3,29.6,37.4,,run
2026-09-16T15:58:01+03:00,1789563481,1066,53,3,29.6,37.4,,run
2026-09-16T15:58:06+03:00,1789563486,1071,53,3,29.6,37.7,,run
2026-09-16T15:58:12+03:00,1789563492,1077,53,3,29.6,37.7,,run
2026-09-16T15:58:17+03:00,1789563497,1082,53,3,29.6,46.7,,run
2026-09-16T15:58:22+03:00,1789563502,1087,53,3,29.6,38.0,,run
2026-09-16T15:58:27+03:00,1789563507,1092,53,3,29.6,37.7,,run
2026-09-16T15:58:33+03:00,1789563513,1098,53,3,29.6,37.7,,run
2026-09-16T15:58:38+03:00,1789563518,1103,53,3,29.6,37.4,,run
2026-09-16T15:58:43+03:00,1789563523,1108,53,3,29.6,45.1,,run
2026-09-16T15:58:48+03:00,1789563528,1113,53,3,29.6,41.1,,run
2026-09-16T15:58:53+03:00,1789563533,1118,53,3,29.6,38.3,,run
2026-09-16T15:58:59+03:00,1789563539,1124,53,3,29.6,38.3,,run
2026-09-16T15:59:04+03:00,1789563544,1129,53,3,29.6,37.1,,run
2026-09-16T15:59:09+03:00,1789563549,1134,53,3,29.6,39.2,,run
2026-09-16T15:59:14+03:00,1789563554,1139,53,3,29.6,38.3,,run
2026-09-16T15:59:20+03:00,1789563560,1145,53,3,29.6,37.7,,run
2026-09-16T15:59:25+03:00,1789563565,1150,53,3,29.6,38.9,,run
2026-09-16T15:59:30+03:00,1789563570,1155,53,3,29.6,38.3,,run
2026-09-16T15:59:35+03:00,1789563575,1160,53,3,29.6,37.7,,run
2026-09-16T15:59:40+03:00,1789563580,1165,53,3,29.6,37.7,,run
2026-09-16T15:59:46+03:00,1789563586,1171,53,3,29.6,37.1,,run
2026-09-16T15:59:51+03:00,1789563591,1176,53,3,29.6,38.0,,run
2026-09-16T15:59:56+03:00,1789563596,1181,53,3,29.6,42.3,,run
2026-09-16T16:00:01+03:00,1789563601,1186,53,3,29.6,47.0,,run
2026-09-16T16:00:07+03:00,1789563607,1192,53,3,29.6,38.9,,run
2026-09-16T16:00:12+03:00,1789563612,1197,53,3,29.6,38.3,,run
2026-09-16T16:00:17+03:00,1789563617,1202,53,3,29.6,37.4,,run
2026-09-16T16:00:22+03:00,1789563622,1207,53,3,29.6,37.7,,run
2026-09-16T16:00:28+03:00,1789563628,1213,53,3,29.6,48.8,,run
2026-09-16T16:00:33+03:00,1789563633,1218,53,3,29.6,41.4,,run
2026-09-16T16:00:38+03:00,1789563638,1223,53,3,29.6,38.9,,run
2026-09-16T16:00:43+03:00,1789563643,1228,53,3,29.6,38.3,,run
2026-09-16T16:00:48+03:00,1789563648,1233,53,3,29.6,38.0,,run
2026-09-16T16:00:54+03:00,1789563654,1239,53,3,29.6,38.3,,run
2026-09-16T16:00:59+03:00,1789563659,1244,53,3,29.6,38.3,,run
2026-09-16T16:01:04+03:00,1789563664,1249,53,3,29.6,37.7,,run
2026-09-16T16:01:09+03:00,1789563669,1254,53,3,29.6,38.0,,run
2026-09-16T16:01:15+03:00,1789563675,1260,53,3,29.6,38.3,,run
2026-09-16T16:01:20+03:00,1789563680,1265,53,3,29.6,38.0,,run
2026-09-16T16:01:25+03:00,1789563685,1270,53,3,29.6,38.6,,run
2026-09-16T16:01:30+03:00,1789563690,1275,53,3,29.6,37.4,,run
2026-09-16T16:01:35+03:00,1789563695,1280,53,3,29.6,37.4,,run
2026-09-16T16:01:41+03:00,1789563701,1286,53,3,29.6,45.1,,run
2026-09-16T16:01:46+03:00,1789563706,1291,53,3,29.6,42.6,,run
2026-09-16T16:01:51+03:00,1789563711,1296,53,3,29.6,41.7,,run
2026-09-16T16:01:56+03:00,1789563716,1301,53,3,29.6,38.0,,run
2026-09-16T16:02:02+03:00,1789563722,1307,53,3,29.6,38.0,,run
2026-09-16T16:02:07+03:00,1789563727,1312,53,3,29.6,40.2,,run
2026-09-16T16:02:12+03:00,1789563732,1317,53,3,29.6,38.0,,run
2026-09-16T16:02:17+03:00,1789563737,1322,53,3,29.6,37.7,,run
2026-09-16T16:02:22+03:00,1789563742,1327,53,3,29.6,36.8,,run
2026-09-16T16:02:28+03:00,1789563748,1333,52,3,29.5,49.4,,run
2026-09-16T16:02:33+03:00,1789563753,1338,52,3,29.5,39.5,,run
2026-09-16T16:02:38+03:00,1789563758,1343,52,3,29.5,39.5,,run
2026-09-16T16:02:44+03:00,1789563764,1349,52,3,29.5,38.9,,run
2026-09-16T16:02:49+03:00,1789563769,1354,52,3,29.5,38.3,,run
2026-09-16T16:02:54+03:00,1789563774,1359,52,3,29.5,38.3,,run
2026-09-16T16:02:59+03:00,1789563779,1364,52,3,29.5,39.5,,run
2026-09-16T16:03:04+03:00,1789563784,1369,52,3,29.5,38.3,,run
2026-09-16T16:03:10+03:00,1789563790,1375,52,3,29.5,37.4,,run
2026-09-16T16:03:15+03:00,1789563795,1380,52,3,29.5,38.6,,run
2026-09-16T16:03:20+03:00,1789563800,1385,52,3,29.5,38.6,,run
2026-09-16T16:03:25+03:00,1789563805,1390,52,3,29.5,38.3,,run
2026-09-16T16:03:30+03:00,1789563810,1395,52,3,29.5,38.6,,run
2026-09-16T16:03:36+03:00,1789563816,1401,52,3,29.5,38.3,,run
2026-09-16T16:03:41+03:00,1789563821,1406,52,3,29.5,43.2,,run
2026-09-16T16:03:46+03:00,1789563826,1411,52,3,29.5,47.0,,run
2026-09-16T16:03:51+03:00,1789563831,1416,52,3,29.5,42.3,,run
2026-09-16T16:03:57+03:00,1789563837,1422,52,3,29.5,38.3,,run
2026-09-16T16:04:02+03:00,1789563842,1427,52,3,29.5,37.7,,run
2026-09-16T16:04:07+03:00,1789563847,1432,52,3,29.5,38.6,,run
2026-09-16T16:04:12+03:00,1789563852,1437,52,3,29.5,37.4,,run
2026-09-16T16:04:18+03:00,1789563858,1443,52,3,29.5,37.1,,run
2026-09-16T16:04:23+03:00,1789563863,1448,52,3,29.5,37.4,,run
2026-09-16T16:04:28+03:00,1789563868,1453,52,3,29.5,49.4,,run
2026-09-16T16:04:33+03:00,1789563873,1458,52,3,29.5,40.8,,run
2026-09-16T16:04:39+03:00,1789563879,1464,52,3,29.5,39.2,,run
2026-09-16T16:04:44+03:00,1789563884,1469,52,3,29.5,39.8,,run
2026-09-16T16:04:49+03:00,1789563889,1474,52,3,29.5,38.9,,run
2026-09-16T16:04:54+03:00,1789563894,1479,52,3,29.5,38.3,,run
2026-09-16T16:04:59+03:00,1789563899,1484,52,3,29.5,38.6,,run
2026-09-16T16:05:05+03:00,1789563905,1490,52,3,29.5,37.4,,run
2026-09-16T16:05:10+03:00,1789563910,1495,52,3,29.5,38.0,,run
2026-09-16T16:05:15+03:00,1789563915,1500,52,3,29.5,38.0,,run
2026-09-16T16:05:20+03:00,1789563920,1505,52,3,29.5,37.7,,run
2026-09-16T16:05:26+03:00,1789563926,1511,52,3,29.5,37.7,,run
2026-09-16T16:05:31+03:00,1789563931,1516,52,3,29.5,37.7,,run
2026-09-16T16:05:36+03:00,1789563936,1521,52,3,29.5,38.3,,run
2026-09-16T16:05:41+03:00,1789563941,1526,52,3,29.5,41.7,,run
2026-09-16T16:05:46+03:00,1789563946,1531,52,3,29.5,49.1,,run
2026-09-16T16:05:52+03:00,1789563952,1537,52,3,29.5,38.6,,run
2026-09-16T16:05:57+03:00,1789563957,1542,52,3,29.5,37.7,,run
2026-09-16T16:06:02+03:00,1789563962,1547,52,3,29.5,38.0,,run
2026-09-16T16:06:07+03:00,1789563967,1552,52,3,29.5,37.1,,run
2026-09-16T16:06:13+03:00,1789563973,1558,52,3,29.5,37.1,,run
2026-09-16T16:06:18+03:00,1789563978,1563,52,3,29.5,37.7,,run
2026-09-16T16:06:23+03:00,1789563983,1568,52,3,29.5,37.4,,run
2026-09-16T16:06:28+03:00,1789563988,1573,52,3,29.5,46.3,,run
2026-09-16T16:06:34+03:00,1789563994,1579,52,3,29.5,42.6,,run
2026-09-16T16:06:39+03:00,1789563999,1584,52,3,29.5,37.7,,run
2026-09-16T16:06:44+03:00,1789564004,1589,52,3,29.5,38.9,,run
2026-09-16T16:06:50+03:00,1789564009,1594,52,3,29.5,38.3,,run
2026-09-16T16:06:55+03:00,1789564015,1600,52,3,29.5,37.7,,run
2026-09-16T16:07:00+03:00,1789564020,1605,52,3,29.5,38.6,,run
2026-09-16T16:07:05+03:00,1789564025,1610,52,3,29.5,38.3,,run
2026-09-16T16:07:10+03:00,1789564030,1615,52,3,29.5,37.7,,run
2026-09-16T16:07:16+03:00,1789564036,1621,52,3,29.5,37.7,,run
2026-09-16T16:07:21+03:00,1789564041,1626,52,3,29.5,37.4,,run
2026-09-16T16:07:26+03:00,1789564046,1631,52,3,29.5,37.7,,run
2026-09-16T16:07:31+03:00,1789564051,1636,52,3,29.5,38.0,,run
2026-09-16T16:07:36+03:00,1789564056,1641,52,3,29.5,38.3,,run
2026-09-16T16:07:42+03:00,1789564062,1647,52,3,29.5,38.0,,run
2026-09-16T16:07:47+03:00,1789564067,1652,52,3,29.5,49.1,,run
2026-09-16T16:07:52+03:00,1789564072,1657,52,3,29.5,39.2,,run
2026-09-16T16:07:58+03:00,1789564078,1663,52,3,29.5,38.9,,run
2026-09-16T16:08:03+03:00,1789564083,1668,52,3,29.5,37.7,,run
2026-09-16T16:08:08+03:00,1789564088,1673,52,3,29.5,37.1,,run
2026-09-16T16:08:13+03:00,1789564093,1678,52,3,29.5,36.8,,run
2026-09-16T16:08:19+03:00,1789564099,1684,52,3,29.5,36.4,,run
2026-09-16T16:08:24+03:00,1789564104,1689,52,3,29.5,36.8,,run
2026-09-16T16:08:29+03:00,1789564109,1694,52,3,29.5,38.0,,run
2026-09-16T16:08:34+03:00,1789564114,1699,52,3,29.5,41.1,,run
2026-09-16T16:08:40+03:00,1789564120,1705,52,3,29.5,38.0,,run
2026-09-16T16:08:45+03:00,1789564125,1710,52,3,29.5,38.9,,run
2026-09-16T16:08:50+03:00,1789564130,1715,52,3,29.5,37.7,,run
2026-09-16T16:08:55+03:00,1789564135,1720,52,3,29.5,38.3,,run
2026-09-16T16:09:00+03:00,1789564140,1725,52,3,29.5,38.6,,run
2026-09-16T16:09:06+03:00,1789564146,1731,52,3,29.5,38.3,,run
2026-09-16T16:09:11+03:00,1789564151,1736,52,3,29.5,38.0,,run
2026-09-16T16:09:16+03:00,1789564156,1741,52,3,29.5,38.0,,run
2026-09-16T16:09:21+03:00,1789564161,1746,52,3,29.5,37.7,,run
2026-09-16T16:09:27+03:00,1789564167,1752,52,3,29.5,37.7,,run
2026-09-16T16:09:32+03:00,1789564172,1757,52,3,29.5,37.7,,run
2026-09-16T16:09:37+03:00,1789564177,1762,52,3,29.5,38.0,,run
2026-09-16T16:09:42+03:00,1789564182,1767,52,3,29.5,37.4,,run
2026-09-16T16:09:47+03:00,1789564187,1772,52,3,29.5,49.7,,run
2026-09-16T16:09:53+03:00,1789564193,1778,52,3,29.5,40.2,,run
2026-09-16T16:09:58+03:00,1789564198,1783,52,3,29.5,38.9,,run
2026-09-16T16:10:03+03:00,1789564203,1788,52,3,29.5,38.0,,run
2026-09-16T16:10:09+03:00,1789564209,1794,52,3,29.5,38.0,,run
2026-09-16T16:10:14+03:00,1789564214,1799,52,3,29.5,41.4,,run
2026-09-16T16:10:19+03:00,1789564219,1804,52,3,29.5,39.8,,run
2026-09-16T16:10:25+03:00,1789564225,1810,52,3,29.5,38.6,,run
2026-09-16T16:10:30+03:00,1789564230,1815,52,3,29.5,38.3,,run
2026-09-16T16:10:35+03:00,1789564235,1820,52,3,29.5,37.7,,run
2026-09-16T16:10:40+03:00,1789564240,1825,52,3,29.5,37.1,,run
2026-09-16T16:10:46+03:00,1789564246,1831,52,3,29.5,38.3,,run
2026-09-16T16:10:51+03:00,1789564251,1836,52,3,29.5,43.9,,run
2026-09-16T16:10:56+03:00,1789564256,1841,52,3,29.5,38.9,,run
2026-09-16T16:11:01+03:00,1789564261,1846,52,3,29.5,38.3,,run
2026-09-16T16:11:06+03:00,1789564266,1851,52,3,29.5,39.5,,run
2026-09-16T16:11:12+03:00,1789564272,1857,52,3,29.5,38.0,,run
2026-09-16T16:11:17+03:00,1789564277,1862,52,3,29.5,40.5,,run
2026-09-16T16:11:22+03:00,1789564282,1867,52,3,29.5,37.7,,run
2026-09-16T16:11:27+03:00,1789564287,1872,52,3,29.5,38.9,,run
2026-09-16T16:11:33+03:00,1789564293,1878,52,3,29.5,47.9,,run
2026-09-16T16:11:38+03:00,1789564298,1883,52,3,29.5,39.2,,run
2026-09-16T16:11:43+03:00,1789564303,1888,52,3,29.5,39.2,,run
2026-09-16T16:11:48+03:00,1789564308,1893,52,3,29.5,38.3,,run
2026-09-16T16:11:53+03:00,1789564313,1898,52,3,29.5,38.3,,run
2026-09-16T16:11:59+03:00,1789564319,1904,52,3,29.5,37.4,,run
2026-09-16T16:12:04+03:00,1789564324,1909,52,3,29.5,36.8,,run
2026-09-16T16:12:09+03:00,1789564329,1914,52,3,29.5,36.8,,run
2026-09-16T16:12:14+03:00,1789564334,1919,52,3,29.5,47.9,,run
2026-09-16T16:12:20+03:00,1789564340,1925,52,3,29.5,42.0,,run
2026-09-16T16:12:25+03:00,1789564345,1930,52,3,29.5,39.2,,run
2026-09-16T16:12:30+03:00,1789564350,1935,52,3,29.5,38.0,,run
2026-09-16T16:12:36+03:00,1789564356,1941,52,3,29.5,37.7,,run
2026-09-16T16:12:41+03:00,1789564361,1946,52,3,29.5,38.0,,run
2026-09-16T16:12:46+03:00,1789564366,1951,52,3,29.5,38.0,,run
2026-09-16T16:12:51+03:00,1789564371,1956,52,3,29.5,38.6,,run
2026-09-16T16:12:57+03:00,1789564377,1962,52,3,29.5,38.0,,run
2026-09-16T16:13:02+03:00,1789564382,1967,52,3,29.5,37.4,,run
2026-09-16T16:13:07+03:00,1789564387,1972,52,3,29.5,40.2,,run
2026-09-16T16:13:12+03:00,1789564392,1977,52,3,29.5,38.3,,run
2026-09-16T16:13:17+03:00,1789564397,1982,52,3,29.5,37.1,,run
2026-09-16T16:13:23+03:00,1789564403,1988,52,3,29.5,37.7,,run
2026-09-16T16:13:28+03:00,1789564408,1993,52,3,29.5,38.3,,run
2026-09-16T16:13:33+03:00,1789564413,1998,52,3,29.5,45.4,,run
2026-09-16T16:13:38+03:00,1789564418,2003,52,3,29.5,39.8,,run
2026-09-16T16:13:44+03:00,1789564424,2009,52,3,29.5,38.6,,run
2026-09-16T16:13:49+03:00,1789564429,2014,52,3,29.5,38.6,,run
2026-09-16T16:13:54+03:00,1789564434,2019,52,3,29.5,38.0,,run
2026-09-16T16:13:59+03:00,1789564439,2024,52,3,29.5,38.0,,run
2026-09-16T16:14:04+03:00,1789564444,2029,52,3,29.5,36.8,,run
2026-09-16T16:14:10+03:00,1789564450,2035,52,3,29.5,37.4,,run
2026-09-16T16:14:15+03:00,1789564455,2040,52,3,29.5,42.9,,run
2026-09-16T16:14:20+03:00,1789564460,2045,52,3,29.5,41.7,,run
2026-09-16T16:14:26+03:00,1789564466,2051,52,3,29.5,38.3,,run
2026-09-16T16:14:31+03:00,1789564471,2056,52,3,29.5,38.0,,run
2026-09-16T16:14:36+03:00,1789564476,2061,52,3,29.5,38.3,,run
2026-09-16T16:14:41+03:00,1789564481,2066,52,3,29.5,38.3,,run
2026-09-16T16:14:47+03:00,1789564487,2072,52,3,29.5,37.7,,run
2026-09-16T16:14:52+03:00,1789564492,2077,52,3,29.5,38.3,,run
2026-09-16T16:14:57+03:00,1789564497,2082,52,3,29.5,37.4,,run
2026-09-16T16:15:02+03:00,1789564502,2087,52,3,29.5,37.1,,run
2026-09-16T16:15:07+03:00,1789564507,2092,52,3,29.5,37.4,,run
2026-09-16T16:15:13+03:00,1789564513,2098,52,3,29.5,38.0,,run
2026-09-16T16:15:18+03:00,1789564518,2103,52,3,29.5,38.0,,run
2026-09-16T16:15:23+03:00,1789564523,2108,52,3,29.5,38.0,,run
2026-09-16T16:15:28+03:00,1789564528,2113,52,3,29.5,37.4,,run
2026-09-16T16:15:33+03:00,1789564533,2118,52,3,29.5,48.8,,run
2026-09-16T16:15:39+03:00,1789564539,2124,52,3,29.5,39.5,,run
2026-09-16T16:15:44+03:00,1789564544,2129,52,3,29.5,38.3,,run
2026-09-16T16:15:50+03:00,1789564550,2135,52,3,29.5,38.0,,run
2026-09-16T16:15:55+03:00,1789564555,2140,52,3,29.5,37.4,,run
2026-09-16T16:16:00+03:00,1789564560,2145,52,3,29.5,36.8,,run
2026-09-16T16:16:05+03:00,1789564565,2150,52,3,29.5,37.4,,run
2026-09-16T16:16:10+03:00,1789564570,2155,52,3,29.5,36.8,,run
2026-09-16T16:16:16+03:00,1789564576,2161,52,3,29.5,38.3,,run
2026-09-16T16:16:21+03:00,1789564581,2166,52,3,29.5,42.9,,run
2026-09-16T16:16:26+03:00,1789564586,2171,51,3,29.6,39.2,,run
2026-09-16T16:16:31+03:00,1789564591,2176,51,3,29.6,39.8,,run
2026-09-16T16:16:37+03:00,1789564597,2182,51,3,29.6,39.2,,run
2026-09-16T16:16:42+03:00,1789564602,2187,51,3,29.6,37.7,,run
2026-09-16T16:16:47+03:00,1789564607,2192,51,3,29.6,38.3,,run
2026-09-16T16:16:52+03:00,1789564612,2197,51,3,29.6,38.0,,run
2026-09-16T16:16:58+03:00,1789564618,2203,51,3,29.6,37.7,,run
2026-09-16T16:17:03+03:00,1789564623,2208,51,3,29.6,38.3,,run
2026-09-16T16:17:08+03:00,1789564628,2213,51,3,29.6,37.1,,run
2026-09-16T16:17:13+03:00,1789564633,2218,51,3,29.6,38.0,,run
2026-09-16T16:17:18+03:00,1789564638,2223,51,3,29.6,37.4,,run
2026-09-16T16:17:24+03:00,1789564644,2229,51,3,29.6,38.0,,run
2026-09-16T16:17:29+03:00,1789564649,2234,51,3,29.6,38.0,,run
2026-09-16T16:17:34+03:00,1789564654,2239,51,3,29.6,51.3,,run
2026-09-16T16:17:40+03:00,1789564660,2245,51,3,29.6,40.2,,run
2026-09-16T16:17:45+03:00,1789564665,2250,51,3,29.6,38.6,,run
2026-09-16T16:17:50+03:00,1789564670,2255,51,3,29.6,38.0,,run
2026-09-16T16:17:55+03:00,1789564675,2260,51,3,29.6,37.7,,run
2026-09-16T16:18:00+03:00,1789564680,2265,51,3,29.6,37.7,,run
2026-09-16T16:18:06+03:00,1789564686,2271,51,3,29.6,37.4,,run
2026-09-16T16:18:11+03:00,1789564691,2276,51,3,29.6,37.1,,run
2026-09-16T16:18:16+03:00,1789564696,2281,51,3,29.6,37.1,,run
2026-09-16T16:18:21+03:00,1789564701,2286,51,3,29.6,48.5,,run
2026-09-16T16:18:27+03:00,1789564707,2292,51,3,29.6,39.8,,run
2026-09-16T16:18:32+03:00,1789564712,2297,51,3,29.6,39.8,,run
2026-09-16T16:18:37+03:00,1789564717,2302,51,3,29.6,38.3,,run
2026-09-16T16:18:42+03:00,1789564722,2307,51,3,29.6,38.3,,run
2026-09-16T16:18:47+03:00,1789564727,2312,51,3,29.6,39.2,,run
2026-09-16T16:18:53+03:00,1789564733,2318,51,3,29.6,38.6,,run
2026-09-16T16:18:58+03:00,1789564738,2323,51,3,29.6,38.9,,run
2026-09-16T16:19:03+03:00,1789564743,2328,51,3,29.6,38.0,,run
2026-09-16T16:19:08+03:00,1789564748,2333,51,3,29.6,37.7,,run
2026-09-16T16:19:14+03:00,1789564754,2339,51,3,29.6,38.6,,run
2026-09-16T16:19:19+03:00,1789564759,2344,51,3,29.6,39.5,,run
2026-09-16T16:19:24+03:00,1789564764,2349,51,3,29.6,37.7,,run
2026-09-16T16:19:29+03:00,1789564769,2354,51,3,29.6,38.6,,run
2026-09-16T16:19:34+03:00,1789564774,2359,51,3,29.6,44.8,,run
2026-09-16T16:19:40+03:00,1789564780,2365,51,3,29.6,41.4,,run
2026-09-16T16:19:45+03:00,1789564785,2370,51,3,29.6,39.2,,run
2026-09-16T16:19:50+03:00,1789564790,2375,51,3,29.6,38.3,,run
2026-09-16T16:19:56+03:00,1789564796,2381,51,3,29.6,38.9,,run
2026-09-16T16:20:01+03:00,1789564801,2386,51,3,29.6,37.4,,run
2026-09-16T16:20:06+03:00,1789564806,2391,51,3,29.6,37.4,,run
2026-09-16T16:20:11+03:00,1789564811,2396,51,3,29.6,36.8,,run
2026-09-16T16:20:17+03:00,1789564817,2402,51,3,29.6,37.7,,run
2026-09-16T16:20:22+03:00,1789564822,2407,51,3,29.6,50.1,,run
2026-09-16T16:20:27+03:00,1789564827,2412,51,3,29.6,40.5,,run
2026-09-16T16:20:32+03:00,1789564832,2417,51,3,29.6,39.2,,run
2026-09-16T16:20:38+03:00,1789564838,2423,51,3,29.6,38.6,,run
2026-09-16T16:20:43+03:00,1789564843,2428,51,3,29.6,38.6,,run
2026-09-16T16:20:48+03:00,1789564848,2433,51,3,29.6,38.9,,run
2026-09-16T16:20:53+03:00,1789564853,2438,51,3,29.6,38.9,,run
2026-09-16T16:20:58+03:00,1789564858,2443,51,3,29.6,37.4,,run
2026-09-16T16:21:04+03:00,1789564864,2449,51,3,29.6,37.7,,run
2026-09-16T16:21:09+03:00,1789564869,2454,51,3,29.6,38.3,,run
2026-09-16T16:21:14+03:00,1789564874,2459,51,3,29.6,37.4,,run
2026-09-16T16:21:19+03:00,1789564879,2464,51,3,29.6,38.0,,run
2026-09-16T16:21:25+03:00,1789564885,2470,51,3,29.6,38.6,,run
2026-09-16T16:21:30+03:00,1789564890,2475,51,3,29.6,38.0,,run
2026-09-16T16:21:35+03:00,1789564895,2480,51,3,29.6,44.5,,run
2026-09-16T16:21:41+03:00,1789564901,2486,51,3,29.6,42.3,,run
2026-09-16T16:21:46+03:00,1789564906,2491,51,3,29.6,39.8,,run
2026-09-16T16:21:51+03:00,1789564911,2496,51,3,29.6,37.7,,run
2026-09-16T16:21:56+03:00,1789564916,2501,51,3,29.6,37.4,,run
2026-09-16T16:22:01+03:00,1789564921,2506,51,3,29.6,36.8,,run
2026-09-16T16:22:07+03:00,1789564927,2512,51,3,29.6,37.7,,run
2026-09-16T16:22:12+03:00,1789564932,2517,51,3,29.6,37.7,,run
2026-09-16T16:22:17+03:00,1789564937,2522,51,3,29.6,37.4,,run
2026-09-16T16:22:22+03:00,1789564942,2527,51,3,29.6,51.6,,run
2026-09-16T16:22:28+03:00,1789564948,2533,51,3,29.6,38.9,,run
2026-09-16T16:22:33+03:00,1789564953,2538,51,3,29.6,39.2,,run
2026-09-16T16:22:38+03:00,1789564958,2543,51,3,29.6,37.7,,run
2026-09-16T16:22:43+03:00,1789564963,2548,51,3,29.6,38.0,,run
2026-09-16T16:22:48+03:00,1789564968,2553,51,3,29.6,38.0,,run
2026-09-16T16:22:54+03:00,1789564974,2559,51,3,29.6,38.0,,run
2026-09-16T16:22:59+03:00,1789564979,2564,51,3,29.6,38.0,,run
2026-09-16T16:23:04+03:00,1789564984,2569,51,3,29.6,38.9,,run
2026-09-16T16:23:09+03:00,1789564989,2574,51,3,29.6,37.1,,run
2026-09-16T16:23:15+03:00,1789564995,2580,51,3,29.6,38.3,,run
2026-09-16T16:23:20+03:00,1789565000,2585,51,3,29.6,37.1,,run
2026-09-16T16:23:25+03:00,1789565005,2590,51,3,29.6,38.9,,run
2026-09-16T16:23:30+03:00,1789565010,2595,51,3,29.6,37.4,,run
2026-09-16T16:23:35+03:00,1789565015,2600,51,3,29.6,40.5,,run
2026-09-16T16:23:41+03:00,1789565021,2606,51,3,29.6,42.9,,run
2026-09-16T16:23:46+03:00,1789565026,2611,51,3,29.6,42.6,,run
2026-09-16T16:23:51+03:00,1789565031,2616,51,3,29.6,37.7,,run
2026-09-16T16:23:56+03:00,1789565036,2621,51,3,29.6,37.7,,run
2026-09-16T16:24:02+03:00,1789565042,2627,51,3,29.6,37.7,,run
2026-09-16T16:24:07+03:00,1789565047,2632,51,3,29.6,37.4,,run
2026-09-16T16:24:12+03:00,1789565052,2637,51,3,29.6,36.8,,run
2026-09-16T16:24:17+03:00,1789565057,2642,51,3,29.6,37.4,,run
2026-09-16T16:24:23+03:00,1789565063,2648,51,3,29.6,49.7,,run
2026-09-16T16:24:28+03:00,1789565068,2653,51,3,29.6,39.2,,run
2026-09-16T16:24:33+03:00,1789565073,2658,51,3,29.6,39.2,,run
2026-09-16T16:24:38+03:00,1789565078,2663,51,3,29.6,38.9,,run
2026-09-16T16:24:43+03:00,1789565083,2668,51,3,29.5,38.6,,run
2026-09-16T16:24:49+03:00,1789565089,2674,51,3,29.5,38.6,,run
2026-09-16T16:24:54+03:00,1789565094,2679,51,3,29.5,38.3,,run
2026-09-16T16:24:59+03:00,1789565099,2684,51,3,29.5,38.0,,run
2026-09-16T16:25:04+03:00,1789565104,2689,51,3,29.5,37.4,,run
2026-09-16T16:25:10+03:00,1789565110,2695,51,3,29.5,38.3,,run
2026-09-16T16:25:15+03:00,1789565115,2700,51,3,29.5,38.0,,run
2026-09-16T16:25:20+03:00,1789565120,2705,51,3,29.5,38.3,,run
2026-09-16T16:25:25+03:00,1789565125,2710,51,3,29.5,37.7,,run
2026-09-16T16:25:30+03:00,1789565130,2715,51,3,29.5,38.0,,run
2026-09-16T16:25:36+03:00,1789565136,2721,51,3,29.5,45.1,,run
2026-09-16T16:25:41+03:00,1789565141,2726,51,3,29.5,43.9,,run
2026-09-16T16:25:46+03:00,1789565146,2731,51,3,29.5,41.7,,run
2026-09-16T16:25:51+03:00,1789565151,2736,51,3,29.5,37.1,,run
2026-09-16T16:25:57+03:00,1789565157,2742,51,3,29.5,36.8,,run
2026-09-16T16:26:02+03:00,1789565162,2747,51,3,29.5,38.3,,run
2026-09-16T16:26:07+03:00,1789565167,2752,51,3,29.5,37.4,,run
2026-09-16T16:26:12+03:00,1789565172,2757,51,3,29.5,37.1,,run
2026-09-16T16:26:17+03:00,1789565177,2762,51,3,29.5,36.4,,run
2026-09-16T16:26:23+03:00,1789565183,2768,51,3,29.5,48.5,,run
2026-09-16T16:26:28+03:00,1789565188,2773,51,3,29.5,39.8,,run
2026-09-16T16:26:33+03:00,1789565193,2778,51,3,29.5,38.0,,run
2026-09-16T16:26:39+03:00,1789565199,2784,51,3,29.5,38.0,,run
2026-09-16T16:26:44+03:00,1789565204,2789,51,3,29.5,38.6,,run
2026-09-16T16:26:49+03:00,1789565209,2794,51,3,29.5,39.2,,run
2026-09-16T16:26:54+03:00,1789565214,2799,51,3,29.5,38.3,,run
2026-09-16T16:26:59+03:00,1789565219,2804,51,3,29.5,38.3,,run
2026-09-16T16:27:05+03:00,1789565225,2810,51,3,29.5,38.6,,run
2026-09-16T16:27:10+03:00,1789565230,2815,51,3,29.5,38.0,,run
2026-09-16T16:27:15+03:00,1789565235,2820,51,3,29.5,42.0,,run
2026-09-16T16:27:20+03:00,1789565240,2825,51,3,29.5,39.2,,run
2026-09-16T16:27:26+03:00,1789565246,2831,51,3,29.5,38.9,,run
2026-09-16T16:27:31+03:00,1789565251,2836,51,3,29.5,38.0,,run
2026-09-16T16:27:36+03:00,1789565256,2841,51,3,29.5,42.3,,run
2026-09-16T16:27:41+03:00,1789565261,2846,51,3,29.5,47.9,,run
2026-09-16T16:27:47+03:00,1789565267,2852,51,3,29.5,38.6,,run
2026-09-16T16:27:52+03:00,1789565272,2857,51,3,29.5,38.3,,run
2026-09-16T16:27:57+03:00,1789565277,2862,51,3,29.5,38.0,,run
2026-09-16T16:28:02+03:00,1789565282,2867,51,3,29.5,37.7,,run
2026-09-16T16:28:07+03:00,1789565287,2872,51,3,29.5,37.4,,run
2026-09-16T16:28:13+03:00,1789565293,2878,51,3,29.5,37.4,,run
2026-09-16T16:28:18+03:00,1789565298,2883,51,3,29.5,36.4,,run
2026-09-16T16:28:23+03:00,1789565303,2888,51,3,29.5,47.0,,run
2026-09-16T16:28:29+03:00,1789565309,2894,51,3,29.5,39.8,,run
2026-09-16T16:28:34+03:00,1789565314,2899,51,3,29.5,38.0,,run
2026-09-16T16:28:39+03:00,1789565319,2904,51,3,29.5,38.6,,run
2026-09-16T16:28:44+03:00,1789565324,2909,51,3,29.5,38.6,,run
2026-09-16T16:28:49+03:00,1789565329,2914,51,3,29.5,38.9,,run
2026-09-16T16:28:55+03:00,1789565335,2920,51,3,29.5,38.0,,run
2026-09-16T16:29:00+03:00,1789565340,2925,51,3,29.5,38.6,,run
2026-09-16T16:29:05+03:00,1789565345,2930,51,3,29.5,38.6,,run
2026-09-16T16:29:10+03:00,1789565350,2935,51,3,29.5,37.1,,run
2026-09-16T16:29:15+03:00,1789565355,2940,51,3,29.5,38.6,,run
2026-09-16T16:29:21+03:00,1789565361,2946,51,3,29.5,38.9,,run
2026-09-16T16:29:26+03:00,1789565366,2951,51,3,29.5,38.9,,run
2026-09-16T16:29:31+03:00,1789565371,2956,51,3,29.5,38.3,,run
2026-09-16T16:29:36+03:00,1789565376,2961,51,3,29.5,38.3,,run
2026-09-16T16:29:42+03:00,1789565382,2967,51,3,29.5,50.4,,run
2026-09-16T16:29:47+03:00,1789565387,2972,51,3,29.5,40.2,,run
2026-09-16T16:29:52+03:00,1789565392,2977,51,3,29.5,38.6,,run
2026-09-16T16:29:57+03:00,1789565397,2982,51,3,29.5,37.4,,run
2026-09-16T16:30:03+03:00,1789565403,2988,51,3,29.5,38.0,,run
2026-09-16T16:30:08+03:00,1789565408,2993,51,3,29.5,36.4,,run
2026-09-16T16:30:13+03:00,1789565413,2998,51,3,29.5,36.8,,run
2026-09-16T16:30:18+03:00,1789565418,3003,51,3,29.5,36.8,,run
2026-09-16T16:30:23+03:00,1789565423,3008,51,3,29.5,46.7,,run
2026-09-16T16:30:29+03:00,1789565429,3014,51,3,29.5,40.8,,run
2026-09-16T16:30:34+03:00,1789565434,3019,51,3,29.5,38.3,,run
2026-09-16T16:30:39+03:00,1789565439,3024,51,3,29.5,38.6,,run
2026-09-16T16:30:45+03:00,1789565445,3030,51,3,29.5,38.9,,run
2026-09-16T16:30:50+03:00,1789565450,3035,51,3,29.5,38.6,,run
2026-09-16T16:30:55+03:00,1789565455,3040,51,3,29.5,39.8,,run
2026-09-16T16:31:00+03:00,1789565460,3045,51,3,29.5,38.3,,run
2026-09-16T16:31:05+03:00,1789565465,3050,51,3,29.5,37.4,,run
2026-09-16T16:31:11+03:00,1789565471,3056,51,3,29.5,37.7,,run
2026-09-16T16:31:16+03:00,1789565476,3061,51,3,29.5,38.3,,run
2026-09-16T16:31:21+03:00,1789565481,3066,50,3,29.5,38.3,,run
2026-09-16T16:31:26+03:00,1789565486,3071,50,3,29.5,38.6,,run
2026-09-16T16:31:32+03:00,1789565492,3077,50,3,29.5,38.3,,run
2026-09-16T16:31:37+03:00,1789565497,3082,50,3,29.5,37.7,,run
2026-09-16T16:31:42+03:00,1789565502,3087,50,3,29.5,47.9,,run
2026-09-16T16:31:47+03:00,1789565507,3092,50,3,29.5,39.8,,run
2026-09-16T16:31:53+03:00,1789565513,3098,50,3,29.5,38.9,,run
2026-09-16T16:31:58+03:00,1789565518,3103,50,3,29.5,37.4,,run
2026-09-16T16:32:03+03:00,1789565523,3108,50,3,29.5,37.1,,run
2026-09-16T16:32:08+03:00,1789565528,3113,50,3,29.5,38.0,,run
2026-09-16T16:32:13+03:00,1789565533,3118,50,3,29.5,37.1,,run
2026-09-16T16:32:19+03:00,1789565539,3124,50,3,29.5,36.8,,run
2026-09-16T16:32:24+03:00,1789565544,3129,50,3,29.5,39.2,,run
2026-09-16T16:32:29+03:00,1789565549,3134,50,3,29.5,42.6,,run
2026-09-16T16:32:34+03:00,1789565554,3139,50,3,29.5,38.3,,run
2026-09-16T16:32:40+03:00,1789565560,3145,50,3,29.5,38.6,,run
2026-09-16T16:32:45+03:00,1789565565,3150,50,3,29.5,37.7,,run
2026-09-16T16:32:50+03:00,1789565570,3155,50,3,29.5,38.3,,run
2026-09-16T16:32:55+03:00,1789565575,3160,50,3,29.5,38.6,,run
2026-09-16T16:33:00+03:00,1789565580,3165,50,3,29.5,37.7,,run
2026-09-16T16:33:06+03:00,1789565586,3171,50,3,29.5,38.3,,run
2026-09-16T16:33:11+03:00,1789565591,3176,50,3,29.5,38.0,,run
2026-09-16T16:33:16+03:00,1789565596,3181,50,3,29.5,38.0,,run
2026-09-16T16:33:21+03:00,1789565601,3186,50,3,29.5,37.4,,run
2026-09-16T16:33:27+03:00,1789565607,3192,50,3,29.5,37.1,,run
2026-09-16T16:33:32+03:00,1789565612,3197,50,3,29.5,38.0,,run
2026-09-16T16:33:37+03:00,1789565617,3202,50,3,29.5,38.3,,run
2026-09-16T16:33:42+03:00,1789565622,3207,50,3,29.5,48.8,,run
2026-09-16T16:33:48+03:00,1789565628,3213,50,3,29.5,39.8,,run
2026-09-16T16:33:53+03:00,1789565633,3218,50,3,29.5,38.9,,run
2026-09-16T16:33:58+03:00,1789565638,3223,50,3,29.5,38.3,,run
2026-09-16T16:34:03+03:00,1789565643,3228,50,3,29.5,38.0,,run
2026-09-16T16:34:09+03:00,1789565649,3234,50,3,29.5,37.1,,run
2026-09-16T16:34:14+03:00,1789565654,3239,50,3,29.5,37.4,,run
2026-09-16T16:34:19+03:00,1789565659,3244,50,3,29.5,37.4,,run
2026-09-16T16:34:24+03:00,1789565664,3249,50,3,29.5,37.1,,run
2026-09-16T16:34:30+03:00,1789565670,3255,50,3,29.5,46.7,,run
2026-09-16T16:34:35+03:00,1789565675,3260,50,3,29.5,39.2,,run
2026-09-16T16:34:40+03:00,1789565680,3265,50,3,29.5,39.2,,run
2026-09-16T16:34:45+03:00,1789565685,3270,50,3,29.5,38.6,,run
2026-09-16T16:34:51+03:00,1789565691,3276,50,3,29.5,38.6,,run
2026-09-16T16:34:56+03:00,1789565696,3281,50,3,29.5,38.0,,run
2026-09-16T16:35:01+03:00,1789565701,3286,50,3,29.5,38.6,,run
2026-09-16T16:35:06+03:00,1789565706,3291,50,3,29.5,38.0,,run
2026-09-16T16:35:11+03:00,1789565711,3296,50,3,29.5,37.7,,run
2026-09-16T16:35:17+03:00,1789565717,3302,50,3,29.5,38.9,,run
2026-09-16T16:35:22+03:00,1789565722,3307,50,3,29.5,37.4,,run
2026-09-16T16:35:27+03:00,1789565727,3312,50,3,29.5,38.6,,run
2026-09-16T16:35:32+03:00,1789565732,3317,50,3,29.5,38.0,,run
2026-09-16T16:35:38+03:00,1789565738,3323,50,3,29.5,37.4,,run
2026-09-16T16:35:43+03:00,1789565743,3328,50,3,29.5,40.8,,run
2026-09-16T16:35:48+03:00,1789565748,3333,50,3,29.5,40.5,,run
2026-09-16T16:35:53+03:00,1789565753,3338,50,3,29.5,40.2,,run
2026-09-16T16:35:58+03:00,1789565758,3343,50,3,29.5,37.7,,run
2026-09-16T16:36:04+03:00,1789565764,3349,50,3,29.5,40.5,,run
2026-09-16T16:36:09+03:00,1789565769,3354,50,3,29.5,37.4,,run
2026-09-16T16:36:14+03:00,1789565774,3359,50,3,29.5,37.7,,run
2026-09-16T16:36:19+03:00,1789565779,3364,50,3,29.5,37.1,,run
2026-09-16T16:36:25+03:00,1789565785,3370,50,3,29.5,37.1,,run
2026-09-16T16:36:30+03:00,1789565790,3375,50,3,29.5,51.6,,run
2026-09-16T16:36:35+03:00,1789565795,3380,50,3,29.5,40.2,,run
2026-09-16T16:36:40+03:00,1789565800,3385,50,3,29.5,39.2,,run
2026-09-16T16:36:46+03:00,1789565806,3391,50,3,29.5,38.3,,run
2026-09-16T16:36:51+03:00,1789565811,3396,50,3,29.5,39.2,,run
2026-09-16T16:36:56+03:00,1789565816,3401,50,3,29.5,38.0,,run
2026-09-16T16:37:01+03:00,1789565821,3406,50,3,29.5,38.6,,run
2026-09-16T16:37:06+03:00,1789565826,3411,50,3,29.5,37.4,,run
2026-09-16T16:37:12+03:00,1789565832,3417,50,3,29.5,38.3,,run
2026-09-16T16:37:17+03:00,1789565837,3422,50,3,29.5,38.3,,run
2026-09-16T16:37:22+03:00,1789565842,3427,50,3,29.5,38.6,,run
2026-09-16T16:37:27+03:00,1789565847,3432,50,3,29.5,37.7,,run
2026-09-16T16:37:33+03:00,1789565853,3438,50,3,29.5,38.0,,run
2026-09-16T16:37:38+03:00,1789565858,3443,50,3,29.5,38.9,,run
2026-09-16T16:37:43+03:00,1789565863,3448,50,3,29.5,39.5,,run
2026-09-16T16:37:48+03:00,1789565868,3453,50,3,29.5,42.3,,run
2026-09-16T16:37:53+03:00,1789565873,3458,50,3,29.5,41.4,,run
2026-09-16T16:37:59+03:00,1789565879,3464,50,3,29.5,37.7,,run
2026-09-16T16:38:04+03:00,1789565884,3469,50,3,29.5,37.7,,run
2026-09-16T16:38:09+03:00,1789565889,3474,50,3,29.5,37.1,,run
2026-09-16T16:38:14+03:00,1789565894,3479,50,3,29.5,37.7,,run
2026-09-16T16:38:20+03:00,1789565900,3485,50,3,29.5,37.4,,run
2026-09-16T16:38:25+03:00,1789565905,3490,50,3,29.5,37.1,,run
2026-09-16T16:38:30+03:00,1789565910,3495,50,3,29.5,50.7,,run
2026-09-16T16:38:35+03:00,1789565915,3500,50,3,29.5,39.5,,run
2026-09-16T16:38:41+03:00,1789565921,3506,50,3,29.5,38.9,,run
2026-09-16T16:38:46+03:00,1789565926,3511,50,3,29.5,39.5,,run
2026-09-16T16:38:51+03:00,1789565931,3516,50,3,29.5,39.2,,run
2026-09-16T16:38:56+03:00,1789565936,3521,50,3,29.5,38.9,,run
2026-09-16T16:39:01+03:00,1789565941,3526,50,3,29.5,38.0,,run
2026-09-16T16:39:07+03:00,1789565947,3532,50,3,29.5,38.9,,run
2026-09-16T16:39:12+03:00,1789565952,3537,50,3,29.5,38.0,,run
2026-09-16T16:39:17+03:00,1789565957,3542,50,3,29.5,37.4,,run
2026-09-16T16:39:22+03:00,1789565962,3547,50,3,29.5,37.1,,run
2026-09-16T16:39:28+03:00,1789565968,3553,50,3,29.5,37.4,,run
2026-09-16T16:39:33+03:00,1789565973,3558,50,3,29.5,38.6,,run
2026-09-16T16:39:38+03:00,1789565978,3563,50,3,29.5,38.9,,run
2026-09-16T16:39:43+03:00,1789565983,3568,50,3,29.5,42.9,,run
2026-09-16T16:39:48+03:00,1789565988,3573,50,3,29.5,46.3,,run
2026-09-16T16:39:54+03:00,1789565994,3579,50,3,29.5,41.4,,run
2026-09-16T16:39:59+03:00,1789565999,3584,50,3,29.5,37.7,,run
2026-09-16T16:40:04+03:00,1789566004,3589,50,3,29.5,37.7,,run
2026-09-16T16:40:09+03:00,1789566009,3594,50,3,29.5,37.1,,run
2026-09-16T16:40:15+03:00,1789566015,3600,50,3,29.5,38.0,,run
2026-09-16T16:40:20+03:00,1789566020,3605,50,3,29.5,37.7,,run
2026-09-16T16:40:25+03:00,1789566025,3610,50,3,29.5,36.4,,run
2026-09-16T16:40:30+03:00,1789566030,3615,50,3,29.5,49.1,,run
2026-09-16T16:40:36+03:00,1789566036,3621,50,3,29.5,40.8,,run
2026-09-16T16:40:41+03:00,1789566041,3626,50,3,29.5,38.3,,run
2026-09-16T16:40:46+03:00,1789566046,3631,50,3,29.5,38.6,,run
2026-09-16T16:40:51+03:00,1789566051,3636,50,3,29.5,37.7,,run
2026-09-16T16:40:57+03:00,1789566057,3642,50,3,29.5,38.9,,run
2026-09-16T16:41:02+03:00,1789566062,3647,50,3,29.5,37.7,,run
2026-09-16T16:41:07+03:00,1789566067,3652,50,3,29.5,38.3,,run
2026-09-16T16:41:12+03:00,1789566072,3657,50,3,29.5,38.6,,run
2026-09-16T16:41:17+03:00,1789566077,3662,50,3,29.5,38.3,,run
2026-09-16T16:41:23+03:00,1789566083,3668,50,3,29.5,38.0,,run
2026-09-16T16:41:28+03:00,1789566088,3673,50,3,29.5,37.7,,run
2026-09-16T16:41:33+03:00,1789566093,3678,50,3,29.5,37.7,,run
2026-09-16T16:41:38+03:00,1789566098,3683,50,3,29.5,38.6,,run
2026-09-16T16:41:44+03:00,1789566104,3689,50,3,29.5,37.4,,run
2026-09-16T16:41:49+03:00,1789566109,3694,50,3,29.5,46.7,,run
2026-09-16T16:41:54+03:00,1789566114,3699,50,3,29.5,38.6,,run
2026-09-16T16:41:59+03:00,1789566119,3704,50,3,29.5,38.9,,run
2026-09-16T16:42:05+03:00,1789566125,3710,50,3,29.5,37.7,,run
2026-09-16T16:42:10+03:00,1789566130,3715,50,3,29.5,37.4,,run
2026-09-16T16:42:15+03:00,1789566135,3720,50,3,29.5,36.8,,run
2026-09-16T16:42:20+03:00,1789566140,3725,50,3,29.5,36.8,,run
2026-09-16T16:42:25+03:00,1789566145,3730,50,3,29.5,36.8,,run
2026-09-16T16:42:31+03:00,1789566151,3736,50,3,29.5,39.5,,run
2026-09-16T16:42:36+03:00,1789566156,3741,50,3,29.5,41.1,,run
2026-09-16T16:42:41+03:00,1789566161,3746,50,3,29.5,39.5,,run
2026-09-16T16:42:46+03:00,1789566166,3751,50,3,29.5,38.9,,run
2026-09-16T16:42:52+03:00,1789566172,3757,50,3,29.5,37.7,,run
2026-09-16T16:42:57+03:00,1789566177,3762,50,3,29.5,38.3,,run
2026-09-16T16:43:02+03:00,1789566182,3767,50,3,29.5,38.0,,run
2026-09-16T16:43:07+03:00,1789566187,3772,50,3,29.5,37.7,,run
2026-09-16T16:43:13+03:00,1789566193,3778,50,3,29.5,37.7,,run
2026-09-16T16:43:18+03:00,1789566198,3783,50,3,29.5,38.3,,run
2026-09-16T16:43:23+03:00,1789566203,3788,50,3,29.5,37.7,,run
2026-09-16T16:43:28+03:00,1789566208,3793,50,3,29.5,38.3,,run
2026-09-16T16:43:33+03:00,1789566213,3798,50,3,29.5,38.9,,run
2026-09-16T16:43:39+03:00,1789566219,3804,50,3,29.5,38.0,,run
2026-09-16T16:43:44+03:00,1789566224,3809,50,3,29.5,38.6,,run
2026-09-16T16:43:49+03:00,1789566229,3814,50,3,29.5,47.9,,run
2026-09-16T16:43:55+03:00,1789566235,3820,50,3,29.5,39.5,,run
2026-09-16T16:44:00+03:00,1789566240,3825,50,3,29.5,40.5,,run
2026-09-16T16:44:05+03:00,1789566245,3830,50,3,29.5,37.4,,run
2026-09-16T16:44:10+03:00,1789566250,3835,50,3,29.5,37.4,,run
2026-09-16T16:44:16+03:00,1789566256,3841,50,3,29.5,37.7,,run
2026-09-16T16:44:21+03:00,1789566261,3846,50,3,29.5,37.4,,run
2026-09-16T16:44:26+03:00,1789566266,3851,50,3,29.5,37.4,,run
2026-09-16T16:44:31+03:00,1789566271,3856,50,3,29.5,36.8,,run
2026-09-16T16:44:36+03:00,1789566276,3861,50,3,29.5,43.9,,run
2026-09-16T16:44:42+03:00,1789566282,3867,50,3,29.6,40.8,,run
2026-09-16T16:44:47+03:00,1789566287,3872,50,3,29.6,42.6,,run
2026-09-16T16:44:52+03:00,1789566292,3877,50,3,29.6,40.5,,run
2026-09-16T16:44:57+03:00,1789566297,3882,50,3,29.6,38.0,,run
2026-09-16T16:45:03+03:00,1789566303,3888,50,3,29.6,38.3,,run
2026-09-16T16:45:08+03:00,1789566308,3893,50,3,29.6,38.3,,run
2026-09-16T16:45:13+03:00,1789566313,3898,50,3,29.6,38.9,,run
2026-09-16T16:45:18+03:00,1789566318,3903,50,3,29.6,38.3,,run
2026-09-16T16:45:23+03:00,1789566323,3908,50,3,29.6,38.6,,run
2026-09-16T16:45:29+03:00,1789566329,3914,50,3,29.6,38.6,,run
2026-09-16T16:45:34+03:00,1789566334,3919,50,3,29.6,38.3,,run
2026-09-16T16:45:39+03:00,1789566339,3924,50,3,29.6,38.0,,run
2026-09-16T16:45:44+03:00,1789566344,3929,50,3,29.6,37.7,,run
2026-09-16T16:45:50+03:00,1789566350,3935,50,3,29.6,40.8,,run
2026-09-16T16:45:55+03:00,1789566355,3940,50,3,29.6,40.8,,run
2026-09-16T16:46:00+03:00,1789566360,3945,50,3,29.6,40.8,,run
2026-09-16T16:46:05+03:00,1789566365,3950,50,3,29.6,38.0,,run
2026-09-16T16:46:11+03:00,1789566371,3956,50,3,29.6,37.4,,run
2026-09-16T16:46:16+03:00,1789566376,3961,50,3,29.6,37.4,,run
2026-09-16T16:46:21+03:00,1789566381,3966,50,3,29.6,38.0,,run
2026-09-16T16:46:26+03:00,1789566386,3971,50,3,29.6,37.4,,run
2026-09-16T16:46:32+03:00,1789566392,3977,50,3,29.6,36.8,,run
2026-09-16T16:46:37+03:00,1789566397,3982,50,3,29.6,50.7,,run
2026-09-16T16:46:42+03:00,1789566402,3987,50,3,29.6,39.2,,run
2026-09-16T16:46:47+03:00,1789566407,3992,50,3,29.6,38.3,,run
2026-09-16T16:46:53+03:00,1789566413,3998,50,3,29.6,39.2,,run
2026-09-16T16:46:58+03:00,1789566418,4003,50,3,29.6,38.3,,run
2026-09-16T16:47:03+03:00,1789566423,4008,50,3,29.6,38.6,,run
2026-09-16T16:47:08+03:00,1789566428,4013,50,3,29.6,37.7,,run
2026-09-16T16:47:13+03:00,1789566433,4018,50,3,29.6,38.3,,run
2026-09-16T16:47:19+03:00,1789566439,4024,50,3,29.6,38.3,,run
2026-09-16T16:47:24+03:00,1789566444,4029,49,3,29.6,40.2,,run
2026-09-16T16:47:29+03:00,1789566449,4034,49,3,29.6,38.0,,run
2026-09-16T16:47:34+03:00,1789566454,4039,49,3,29.6,37.7,,run
2026-09-16T16:47:40+03:00,1789566460,4045,49,3,29.6,37.7,,run
2026-09-16T16:47:45+03:00,1789566465,4050,49,3,29.6,38.6,,run
2026-09-16T16:47:50+03:00,1789566470,4055,49,3,29.6,40.2,,run
2026-09-16T16:47:55+03:00,1789566475,4060,49,3,29.6,45.4,,run
2026-09-16T16:48:00+03:00,1789566480,4065,49,3,29.6,41.4,,run
2026-09-16T16:48:06+03:00,1789566486,4071,49,3,29.6,38.0,,run
2026-09-16T16:48:11+03:00,1789566491,4076,49,3,29.6,37.4,,run
2026-09-16T16:48:16+03:00,1789566496,4081,49,3,29.6,36.8,,run
2026-09-16T16:48:21+03:00,1789566501,4086,49,3,29.6,47.3,,run
2026-09-16T16:48:27+03:00,1789566507,4092,49,3,29.6,39.2,,run
2026-09-16T16:48:32+03:00,1789566512,4097,49,3,29.6,39.2,,run
2026-09-16T16:48:37+03:00,1789566517,4102,49,3,29.6,39.2,,run
2026-09-16T16:48:42+03:00,1789566522,4107,49,3,29.6,38.3,,run
2026-09-16T16:48:47+03:00,1789566527,4112,49,3,29.6,38.3,,run
2026-09-16T16:48:53+03:00,1789566533,4118,49,3,29.6,37.7,,run
2026-09-16T16:48:58+03:00,1789566538,4123,49,3,29.6,39.8,,run
2026-09-16T16:49:03+03:00,1789566543,4128,49,3,29.6,38.3,,run
2026-09-16T16:49:08+03:00,1789566548,4133,49,3,29.6,38.0,,run
2026-09-16T16:49:14+03:00,1789566554,4139,49,3,29.6,37.1,,run
2026-09-16T16:49:19+03:00,1789566559,4144,49,3,29.6,38.3,,run
2026-09-16T16:49:24+03:00,1789566564,4149,49,3,29.6,38.6,,run
2026-09-16T16:49:29+03:00,1789566569,4154,49,3,29.6,37.1,,run
2026-09-16T16:49:34+03:00,1789566574,4159,49,3,29.6,48.8,,run
2026-09-16T16:49:40+03:00,1789566580,4165,49,3,29.6,39.5,,run
2026-09-16T16:49:45+03:00,1789566585,4170,49,3,29.6,40.2,,run
2026-09-16T16:49:50+03:00,1789566590,4175,49,3,29.6,38.3,,run
2026-09-16T16:49:56+03:00,1789566596,4181,49,3,29.6,38.0,,run
2026-09-16T16:50:01+03:00,1789566601,4186,49,3,29.6,37.4,,run
2026-09-16T16:50:06+03:00,1789566606,4191,49,3,29.6,37.4,,run
2026-09-16T16:50:11+03:00,1789566611,4196,49,3,29.6,36.4,,run
2026-09-16T16:50:16+03:00,1789566616,4201,49,3,29.6,37.1,,run
2026-09-16T16:50:22+03:00,1789566622,4207,49,3,29.6,48.5,,run
2026-09-16T16:50:27+03:00,1789566627,4212,49,3,29.6,39.5,,run
2026-09-16T16:50:32+03:00,1789566632,4217,49,3,29.6,37.7,,run
2026-09-16T16:50:37+03:00,1789566637,4222,49,3,29.6,38.6,,run
2026-09-16T16:50:43+03:00,1789566643,4228,49,3,29.6,38.0,,run
2026-09-16T16:50:48+03:00,1789566648,4233,49,3,29.6,38.0,,run
2026-09-16T16:50:53+03:00,1789566653,4238,49,3,29.6,37.7,,run
2026-09-16T16:50:58+03:00,1789566658,4243,49,3,29.6,38.0,,run
2026-09-16T16:51:03+03:00,1789566663,4248,49,3,29.6,37.7,,run
2026-09-16T16:51:09+03:00,1789566669,4254,49,3,29.6,37.4,,run
2026-09-16T16:51:14+03:00,1789566674,4259,49,3,29.6,38.3,,run
2026-09-16T16:51:19+03:00,1789566679,4264,49,3,29.6,38.6,,run
2026-09-16T16:51:24+03:00,1789566684,4269,49,3,29.6,38.0,,run
2026-09-16T16:51:30+03:00,1789566690,4275,49,3,29.6,38.0,,run
2026-09-16T16:51:35+03:00,1789566695,4280,49,3,29.6,40.5,,run
2026-09-16T16:51:40+03:00,1789566700,4285,49,3,29.6,43.9,,run
2026-09-16T16:51:45+03:00,1789566705,4290,49,3,29.6,40.2,,run
2026-09-16T16:51:51+03:00,1789566711,4296,49,3,29.6,38.0,,run
2026-09-16T16:51:56+03:00,1789566716,4301,49,3,29.6,38.0,,run
2026-09-16T16:52:01+03:00,1789566721,4306,49,3,29.6,37.4,,run
2026-09-16T16:52:06+03:00,1789566726,4311,49,3,29.6,37.1,,run
2026-09-16T16:52:11+03:00,1789566731,4316,49,3,29.6,36.8,,run
2026-09-16T16:52:17+03:00,1789566737,4322,49,3,29.6,36.4,,run
2026-09-16T16:52:22+03:00,1789566742,4327,49,3,29.6,50.4,,run
2026-09-16T16:52:27+03:00,1789566747,4332,49,3,29.6,39.2,,run
2026-09-16T16:52:32+03:00,1789566752,4337,49,3,29.6,39.5,,run
2026-09-16T16:52:38+03:00,1789566758,4343,49,3,29.6,38.6,,run
2026-09-16T16:52:43+03:00,1789566763,4348,49,3,29.6,37.4,,run
2026-09-16T16:52:48+03:00,1789566768,4353,49,3,29.6,37.7,,run
2026-09-16T16:52:53+03:00,1789566773,4358,49,3,29.6,38.3,,run
2026-09-16T16:52:58+03:00,1789566778,4363,49,3,29.6,38.3,,run
2026-09-16T16:53:04+03:00,1789566784,4369,49,3,29.6,37.1,,run
2026-09-16T16:53:09+03:00,1789566789,4374,49,3,29.6,38.0,,run
2026-09-16T16:53:14+03:00,1789566794,4379,49,3,29.6,37.7,,run
2026-09-16T16:53:19+03:00,1789566799,4384,49,3,29.6,39.5,,run
2026-09-16T16:53:25+03:00,1789566805,4390,49,3,29.6,38.0,,run
2026-09-16T16:53:30+03:00,1789566810,4395,49,3,29.6,38.3,,run
2026-09-16T16:53:35+03:00,1789566815,4400,49,3,29.6,51.6,,run
2026-09-16T16:53:40+03:00,1789566820,4405,49,3,29.6,47.9,,run
2026-09-16T16:53:46+03:00,1789566826,4411,49,3,29.6,40.5,,run
2026-09-16T16:53:51+03:00,1789566831,4416,49,3,29.6,38.3,,run
2026-09-16T16:53:56+03:00,1789566836,4421,49,3,29.6,37.7,,run
2026-09-16T16:54:01+03:00,1789566841,4426,49,3,29.6,37.4,,run
2026-09-16T16:54:06+03:00,1789566846,4431,49,3,29.6,37.1,,run
2026-09-16T16:54:12+03:00,1789566852,4437,49,3,29.6,37.1,,run
2026-09-16T16:54:17+03:00,1789566857,4442,49,3,29.6,37.1,,run
2026-09-16T16:54:22+03:00,1789566862,4447,49,3,29.6,47.9,,run
2026-09-16T16:54:28+03:00,1789566868,4453,49,3,29.6,41.1,,run
2026-09-16T16:54:33+03:00,1789566873,4458,49,3,29.6,38.6,,run
2026-09-16T16:54:38+03:00,1789566878,4463,49,3,29.6,38.3,,run
2026-09-16T16:54:43+03:00,1789566883,4468,49,3,29.6,38.9,,run
2026-09-16T16:54:48+03:00,1789566888,4473,49,3,29.6,37.7,,run
2026-09-16T16:54:54+03:00,1789566894,4479,49,3,29.6,37.7,,run
2026-09-16T16:54:59+03:00,1789566899,4484,49,3,29.6,38.9,,run
2026-09-16T16:55:04+03:00,1789566904,4489,49,3,29.6,38.9,,run
2026-09-16T16:55:09+03:00,1789566909,4494,49,3,29.6,38.0,,run
2026-09-16T16:55:15+03:00,1789566915,4500,49,3,29.6,38.0,,run
2026-09-16T16:55:20+03:00,1789566920,4505,49,3,29.6,38.0,,run
2026-09-16T16:55:25+03:00,1789566925,4510,49,3,29.6,38.0,,run
2026-09-16T16:55:30+03:00,1789566930,4515,49,3,29.6,37.7,,run
2026-09-16T16:55:35+03:00,1789566935,4520,49,3,29.6,38.3,,run
2026-09-16T16:55:41+03:00,1789566941,4526,49,3,29.6,44.8,,run
2026-09-16T16:55:46+03:00,1789566946,4531,49,3,29.6,39.2,,run
2026-09-16T16:55:51+03:00,1789566951,4536,49,3,29.6,39.5,,run
2026-09-16T16:55:56+03:00,1789566956,4541,49,3,29.6,38.0,,run
2026-09-16T16:56:02+03:00,1789566962,4547,49,3,29.6,37.1,,run
2026-09-16T16:56:07+03:00,1789566967,4552,49,3,29.6,38.0,,run
2026-09-16T16:56:12+03:00,1789566972,4557,49,3,29.6,37.7,,run
2026-09-16T16:56:17+03:00,1789566977,4562,49,3,29.6,37.4,,run
2026-09-16T16:56:22+03:00,1789566982,4567,49,3,29.6,45.4,,run
2026-09-16T16:56:28+03:00,1789566988,4573,49,3,29.6,42.3,,run
2026-09-16T16:56:33+03:00,1789566993,4578,49,3,29.6,39.2,,run
2026-09-16T16:56:38+03:00,1789566998,4583,49,3,29.6,38.3,,run
2026-09-16T16:56:44+03:00,1789567004,4589,49,3,29.6,39.5,,run
2026-09-16T16:56:49+03:00,1789567009,4594,49,3,29.6,38.0,,run
2026-09-16T16:56:54+03:00,1789567014,4599,49,3,29.6,38.6,,run
2026-09-16T16:56:59+03:00,1789567019,4604,49,3,29.6,37.7,,run
2026-09-16T16:57:05+03:00,1789567025,4610,49,3,29.6,38.0,,run
2026-09-16T16:57:10+03:00,1789567030,4615,49,3,29.6,38.0,,run
2026-09-16T16:57:15+03:00,1789567035,4620,49,3,29.6,38.0,,run
2026-09-16T16:57:20+03:00,1789567040,4625,49,3,29.6,38.0,,run
2026-09-16T16:57:25+03:00,1789567045,4630,49,3,29.6,38.3,,run
2026-09-16T16:57:31+03:00,1789567051,4636,49,3,29.6,38.0,,run
2026-09-16T16:57:36+03:00,1789567056,4641,49,3,29.6,38.3,,run
2026-09-16T16:57:41+03:00,1789567061,4646,49,3,29.6,50.4,,run
2026-09-16T16:57:46+03:00,1789567066,4651,49,3,29.6,39.8,,run
2026-09-16T16:57:52+03:00,1789567072,4657,49,3,29.6,38.0,,run
2026-09-16T16:57:57+03:00,1789567077,4662,49,3,29.6,38.3,,run
2026-09-16T16:58:02+03:00,1789567082,4667,49,3,29.6,37.7,,run
2026-09-16T16:58:07+03:00,1789567087,4672,49,3,29.6,36.8,,run
2026-09-16T16:58:13+03:00,1789567093,4678,49,3,29.6,38.3,,run
2026-09-16T16:58:18+03:00,1789567098,4683,49,3,29.6,36.8,,run
2026-09-16T16:58:23+03:00,1789567103,4688,49,3,29.6,38.6,,run
2026-09-16T16:58:28+03:00,1789567108,4693,49,3,29.6,42.6,,run
2026-09-16T16:58:34+03:00,1789567114,4699,49,3,29.6,38.9,,run
2026-09-16T16:58:39+03:00,1789567119,4704,49,3,29.6,38.0,,run
2026-09-16T16:58:44+03:00,1789567124,4709,49,3,29.6,38.9,,run
2026-09-16T16:58:49+03:00,1789567129,4714,49,3,29.6,38.0,,run
2026-09-16T16:58:54+03:00,1789567134,4719,49,3,29.6,37.7,,run
2026-09-16T16:59:00+03:00,1789567140,4725,49,3,29.6,38.3,,run
2026-09-16T16:59:05+03:00,1789567145,4730,49,3,29.6,37.7,,run
2026-09-16T16:59:10+03:00,1789567150,4735,49,3,29.6,38.9,,run
2026-09-16T16:59:15+03:00,1789567155,4740,49,3,29.6,38.0,,run
2026-09-16T16:59:21+03:00,1789567161,4746,49,3,29.6,38.3,,run
2026-09-16T16:59:26+03:00,1789567166,4751,49,3,29.6,38.3,,run
2026-09-16T16:59:31+03:00,1789567171,4756,49,3,29.6,38.6,,run
2026-09-16T16:59:36+03:00,1789567176,4761,49,3,29.6,37.7,,run
2026-09-16T16:59:41+03:00,1789567181,4766,49,3,29.6,46.7,,run
2026-09-16T16:59:47+03:00,1789567187,4772,49,3,29.6,39.5,,run
2026-09-16T16:59:52+03:00,1789567192,4777,49,3,29.6,39.5,,run
2026-09-16T16:59:57+03:00,1789567197,4782,49,3,29.6,37.4,,run
2026-09-16T17:00:03+03:00,1789567203,4788,49,3,29.6,37.4,,run
2026-09-16T17:00:08+03:00,1789567208,4793,49,3,29.6,38.9,,run
2026-09-16T17:00:13+03:00,1789567213,4798,49,3,29.6,42.3,,run
2026-09-16T17:00:18+03:00,1789567218,4803,49,3,29.6,38.6,,run
2026-09-16T17:00:24+03:00,1789567224,4809,49,3,29.6,38.0,,run
2026-09-16T17:00:29+03:00,1789567229,4814,49,3,29.6,38.6,,run
2026-09-16T17:00:34+03:00,1789567234,4819,49,3,29.6,38.0,,run
2026-09-16T17:00:39+03:00,1789567239,4824,49,3,29.6,38.3,,run
2026-09-16T17:00:44+03:00,1789567244,4829,49,3,29.6,38.9,,run
2026-09-16T17:00:50+03:00,1789567250,4835,49,3,29.6,37.7,,run
2026-09-16T17:00:55+03:00,1789567255,4840,49,3,29.6,38.0,,run
2026-09-16T17:01:00+03:00,1789567260,4845,49,3,29.6,37.4,,run
2026-09-16T17:01:05+03:00,1789567265,4850,49,3,29.6,38.3,,run
2026-09-16T17:01:11+03:00,1789567271,4856,49,3,29.6,38.3,,run
2026-09-16T17:01:16+03:00,1789567276,4861,49,3,29.6,37.4,,run
2026-09-16T17:01:21+03:00,1789567281,4866,49,3,29.6,38.0,,run
2026-09-16T17:01:26+03:00,1789567286,4871,49,3,29.6,48.2,,run
2026-09-16T17:01:32+03:00,1789567292,4877,49,3,29.6,39.8,,run
2026-09-16T17:01:37+03:00,1789567297,4882,49,3,29.6,39.5,,run
2026-09-16T17:01:42+03:00,1789567302,4887,49,3,29.6,38.3,,run
2026-09-16T17:01:47+03:00,1789567307,4892,49,3,29.6,38.0,,run
2026-09-16T17:01:53+03:00,1789567313,4898,49,3,29.6,45.7,,run
2026-09-16T17:01:58+03:00,1789567318,4903,49,3,29.6,39.8,,run
2026-09-16T17:02:03+03:00,1789567323,4908,49,3,29.6,38.9,,run
2026-09-16T17:02:09+03:00,1789567329,4914,49,3,29.6,38.0,,run
2026-09-16T17:02:14+03:00,1789567334,4919,49,3,29.6,38.9,,run
2026-09-16T17:02:19+03:00,1789567339,4924,49,3,29.6,38.6,,run
2026-09-16T17:02:24+03:00,1789567344,4929,48,3,29.7,39.5,,run
2026-09-16T17:02:30+03:00,1789567350,4935,48,3,29.7,39.2,,run
2026-09-16T17:02:35+03:00,1789567355,4940,48,3,29.7,41.4,,run
2026-09-16T17:02:40+03:00,1789567360,4945,48,3,29.7,38.6,,run
2026-09-16T17:02:45+03:00,1789567365,4950,48,3,29.7,38.3,,run
2026-09-16T17:02:50+03:00,1789567370,4955,48,3,29.7,37.7,,run
2026-09-16T17:02:56+03:00,1789567376,4961,48,3,29.7,39.2,,run
2026-09-16T17:03:01+03:00,1789567381,4966,48,3,29.7,38.0,,run
2026-09-16T17:03:06+03:00,1789567386,4971,48,3,29.7,37.7,,run
2026-09-16T17:03:11+03:00,1789567391,4976,48,3,29.7,48.8,,run
2026-09-16T17:03:17+03:00,1789567397,4982,48,3,29.7,38.6,,run
2026-09-16T17:03:22+03:00,1789567402,4987,48,3,29.7,38.6,,run
2026-09-16T17:03:27+03:00,1789567407,4992,48,3,29.7,38.3,,run
2026-09-16T17:03:32+03:00,1789567412,4997,48,3,29.7,37.4,,run
2026-09-16T17:03:37+03:00,1789567417,5002,48,3,29.7,37.7,,run
2026-09-16T17:03:43+03:00,1789567423,5008,48,3,29.7,37.4,,run
2026-09-16T17:03:48+03:00,1789567428,5013,48,3,29.7,36.8,,run
2026-09-16T17:03:53+03:00,1789567433,5018,48,3,29.7,42.6,,run
2026-09-16T17:03:58+03:00,1789567438,5023,48,3,29.7,42.0,,run
2026-09-16T17:04:04+03:00,1789567444,5029,48,3,29.7,38.3,,run
2026-09-16T17:04:09+03:00,1789567449,5034,48,3,29.7,38.0,,run
2026-09-16T17:04:14+03:00,1789567454,5039,48,3,29.7,38.3,,run
2026-09-16T17:04:19+03:00,1789567459,5044,48,3,29.7,37.7,,run
2026-09-16T17:04:25+03:00,1789567465,5050,48,3,29.7,38.0,,run
2026-09-16T17:04:30+03:00,1789567470,5055,48,3,29.7,37.7,,run
2026-09-16T17:04:35+03:00,1789567475,5060,48,3,29.7,38.9,,run
2026-09-16T17:04:40+03:00,1789567480,5065,48,3,29.6,38.3,,run
2026-09-16T17:04:45+03:00,1789567485,5070,48,3,29.6,38.6,,run
2026-09-16T17:04:51+03:00,1789567491,5076,48,3,29.6,37.7,,run
2026-09-16T17:04:56+03:00,1789567496,5081,48,3,29.6,39.2,,run
2026-09-16T17:05:01+03:00,1789567501,5086,48,3,29.6,38.0,,run
2026-09-16T17:05:06+03:00,1789567506,5091,48,3,29.6,38.3,,run
2026-09-16T17:05:12+03:00,1789567512,5097,48,3,29.6,49.1,,run
2026-09-16T17:05:17+03:00,1789567517,5102,48,3,29.6,40.8,,run
2026-09-16T17:05:22+03:00,1789567522,5107,48,3,29.6,39.5,,run
2026-09-16T17:05:27+03:00,1789567527,5112,48,3,29.6,38.3,,run
2026-09-16T17:05:33+03:00,1789567533,5118,48,3,29.6,38.9,,run
2026-09-16T17:05:38+03:00,1789567538,5123,48,3,29.6,38.3,,run
2026-09-16T17:05:43+03:00,1789567543,5128,48,3,29.6,37.7,,run
2026-09-16T17:05:48+03:00,1789567548,5133,48,3,29.6,36.8,,run
2026-09-16T17:05:54+03:00,1789567554,5139,48,3,29.6,38.6,,run
2026-09-16T17:05:59+03:00,1789567559,5144,48,3,29.6,42.9,,run
2026-09-16T17:06:04+03:00,1789567564,5149,48,3,29.6,38.9,,run
2026-09-16T17:06:09+03:00,1789567569,5154,48,3,29.6,38.6,,run
2026-09-16T17:06:14+03:00,1789567574,5159,48,3,29.6,38.9,,run
2026-09-16T17:06:20+03:00,1789567580,5165,48,3,29.6,38.3,,run
2026-09-16T17:06:25+03:00,1789567585,5170,48,3,29.6,37.7,,run
2026-09-16T17:06:30+03:00,1789567590,5175,48,3,29.6,37.7,,run
2026-09-16T17:06:35+03:00,1789567595,5180,48,3,29.6,38.9,,run
2026-09-16T17:06:41+03:00,1789567601,5186,48,3,29.6,38.3,,run
2026-09-16T17:06:46+03:00,1789567606,5191,48,3,29.6,38.0,,run
2026-09-16T17:06:51+03:00,1789567611,5196,48,3,29.6,38.9,,run
2026-09-16T17:06:56+03:00,1789567616,5201,48,3,29.6,38.3,,run
2026-09-16T17:07:01+03:00,1789567621,5206,48,3,29.6,38.6,,run
2026-09-16T17:07:07+03:00,1789567627,5212,48,3,29.6,38.6,,run
2026-09-16T17:07:12+03:00,1789567632,5217,48,3,29.6,47.6,,run
2026-09-16T17:07:17+03:00,1789567637,5222,48,3,29.6,40.2,,run
2026-09-16T17:07:23+03:00,1789567643,5228,48,3,29.6,39.5,,run
2026-09-16T17:07:28+03:00,1789567648,5233,48,3,29.6,37.7,,run
2026-09-16T17:07:33+03:00,1789567653,5238,48,3,29.6,37.4,,run
2026-09-16T17:07:38+03:00,1789567658,5243,48,3,29.6,36.8,,run
2026-09-16T17:07:43+03:00,1789567663,5248,48,3,29.6,37.4,,run
2026-09-16T17:07:49+03:00,1789567669,5254,48,3,29.6,37.1,,run
2026-09-16T17:07:54+03:00,1789567674,5259,48,3,29.6,36.8,,run
2026-09-16T17:07:59+03:00,1789567679,5264,48,3,29.6,51.9,,run
2026-09-16T17:08:04+03:00,1789567684,5269,48,3,29.6,39.5,,run
2026-09-16T17:08:10+03:00,1789567690,5275,48,3,29.6,38.3,,run
2026-09-16T17:08:15+03:00,1789567695,5280,48,3,29.6,39.2,,run
2026-09-16T17:08:20+03:00,1789567700,5285,48,3,29.6,38.0,,run
2026-09-16T17:08:25+03:00,1789567705,5290,48,3,29.6,37.7,,run
2026-09-16T17:08:30+03:00,1789567710,5295,48,3,29.6,38.3,,run
2026-09-16T17:08:36+03:00,1789567716,5301,48,3,29.6,38.6,,run
2026-09-16T17:08:41+03:00,1789567721,5306,48,3,29.6,37.7,,run
2026-09-16T17:08:46+03:00,1789567726,5311,48,3,29.6,38.0,,run
2026-09-16T17:08:51+03:00,1789567731,5316,48,3,29.6,38.6,,run
2026-09-16T17:08:57+03:00,1789567737,5322,48,3,29.6,38.3,,run
2026-09-16T17:09:02+03:00,1789567742,5327,48,3,29.6,37.7,,run
2026-09-16T17:09:07+03:00,1789567747,5332,48,3,29.6,37.1,,run
2026-09-16T17:09:12+03:00,1789567752,5337,48,3,29.6,44.2,,run
2026-09-16T17:09:17+03:00,1789567757,5342,48,3,29.6,44.8,,run
2026-09-16T17:09:23+03:00,1789567763,5348,48,3,29.6,43.6,,run
2026-09-16T17:09:28+03:00,1789567768,5353,48,3,29.6,37.7,,run
2026-09-16T17:09:33+03:00,1789567773,5358,48,3,29.6,37.4,,run
2026-09-16T17:09:38+03:00,1789567778,5363,48,3,29.6,37.1,,run
2026-09-16T17:09:44+03:00,1789567784,5369,48,3,29.6,49.7,,run
2026-09-16T17:09:49+03:00,1789567789,5374,48,3,29.6,40.8,,run
2026-09-16T17:09:54+03:00,1789567794,5379,48,3,29.6,39.2,,run
2026-09-16T17:09:59+03:00,1789567799,5384,48,3,29.6,38.9,,run
2026-09-16T17:10:05+03:00,1789567805,5390,48,3,29.6,38.3,,run
2026-09-16T17:10:10+03:00,1789567810,5395,48,3,29.6,38.0,,run
2026-09-16T17:10:15+03:00,1789567815,5400,48,3,29.6,38.9,,run
2026-09-16T17:10:20+03:00,1789567820,5405,48,3,29.6,38.3,,run
2026-09-16T17:10:25+03:00,1789567825,5410,48,3,29.6,37.4,,run
2026-09-16T17:10:31+03:00,1789567831,5416,48,3,29.6,38.0,,run
2026-09-16T17:10:36+03:00,1789567836,5421,48,3,29.6,38.0,,run
2026-09-16T17:10:41+03:00,1789567841,5426,48,3,29.6,38.3,,run
2026-09-16T17:10:46+03:00,1789567846,5431,48,3,29.6,38.6,,run
2026-09-16T17:10:52+03:00,1789567852,5437,48,3,29.6,37.4,,run
2026-09-16T17:10:57+03:00,1789567857,5442,48,3,29.6,39.2,,run
2026-09-16T17:11:02+03:00,1789567862,5447,48,3,29.6,42.3,,run
2026-09-16T17:11:07+03:00,1789567867,5452,48,3,29.6,44.8,,run
2026-09-16T17:11:12+03:00,1789567872,5457,48,3,29.6,38.6,,run
2026-09-16T17:11:18+03:00,1789567878,5463,48,3,29.6,38.6,,run
2026-09-16T17:11:23+03:00,1789567883,5468,48,3,29.6,37.1,,run
2026-09-16T17:11:28+03:00,1789567888,5473,48,3,29.6,38.3,,run
2026-09-16T17:11:33+03:00,1789567893,5478,48,3,29.6,37.1,,run
2026-09-16T17:11:39+03:00,1789567899,5484,48,3,29.6,38.0,,run
2026-09-16T17:11:44+03:00,1789567904,5489,48,3,29.6,51.9,,run
2026-09-16T17:11:49+03:00,1789567909,5494,48,3,29.6,39.5,,run
2026-09-16T17:11:54+03:00,1789567914,5499,48,3,29.6,38.6,,run
2026-09-16T17:12:00+03:00,1789567920,5505,48,3,29.6,38.3,,run
2026-09-16T17:12:05+03:00,1789567925,5510,48,3,29.6,38.9,,run
2026-09-16T17:12:10+03:00,1789567930,5515,48,3,29.6,38.9,,run
2026-09-16T17:12:15+03:00,1789567935,5520,48,3,29.6,38.0,,run
2026-09-16T17:12:21+03:00,1789567941,5526,48,3,29.6,38.9,,run
2026-09-16T17:12:26+03:00,1789567946,5531,48,3,29.6,38.0,,run
2026-09-16T17:12:31+03:00,1789567951,5536,48,3,29.6,37.7,,run
2026-09-16T17:12:36+03:00,1789567956,5541,48,3,29.6,38.0,,run
2026-09-16T17:12:41+03:00,1789567961,5546,48,3,29.6,38.0,,run
2026-09-16T17:12:47+03:00,1789567967,5552,48,3,29.6,38.9,,run
2026-09-16T17:12:52+03:00,1789567972,5557,48,3,29.6,38.3,,run
2026-09-16T17:12:57+03:00,1789567977,5562,48,3,29.6,40.5,,run
2026-09-16T17:13:02+03:00,1789567982,5567,48,3,29.6,44.2,,run
2026-09-16T17:13:08+03:00,1789567988,5573,48,3,29.6,42.6,,run
2026-09-16T17:13:13+03:00,1789567993,5578,48,3,29.6,38.3,,run
2026-09-16T17:13:18+03:00,1789567998,5583,48,3,29.6,37.7,,run
2026-09-16T17:13:23+03:00,1789568003,5588,48,3,29.6,37.7,,run
2026-09-16T17:13:28+03:00,1789568008,5593,48,3,29.6,37.7,,run
2026-09-16T17:13:34+03:00,1789568014,5599,48,3,29.6,36.8,,run
2026-09-16T17:13:39+03:00,1789568019,5604,48,3,29.6,37.4,,run
2026-09-16T17:13:44+03:00,1789568024,5609,48,3,29.6,51.6,,run
2026-09-16T17:13:49+03:00,1789568029,5614,48,3,29.6,40.5,,run
2026-09-16T17:13:55+03:00,1789568035,5620,48,3,29.6,39.8,,run
2026-09-16T17:14:00+03:00,1789568040,5625,48,3,29.6,38.9,,run
2026-09-16T17:14:05+03:00,1789568045,5630,48,3,29.6,38.6,,run
2026-09-16T17:14:10+03:00,1789568050,5635,48,3,29.6,37.7,,run
2026-09-16T17:14:16+03:00,1789568056,5641,48,3,29.6,38.6,,run
2026-09-16T17:14:21+03:00,1789568061,5646,48,3,29.6,38.9,,run
2026-09-16T17:14:26+03:00,1789568066,5651,48,3,29.6,38.6,,run
2026-09-16T17:14:31+03:00,1789568071,5656,48,3,29.6,38.0,,run
2026-09-16T17:14:36+03:00,1789568076,5661,48,3,29.6,38.0,,run
2026-09-16T17:14:42+03:00,1789568082,5667,48,3,29.5,38.0,,run
2026-09-16T17:14:47+03:00,1789568087,5672,48,3,29.5,37.7,,run
2026-09-16T17:14:52+03:00,1789568092,5677,48,3,29.5,38.6,,run
2026-09-16T17:14:57+03:00,1789568097,5682,48,3,29.5,47.9,,run
2026-09-16T17:15:02+03:00,1789568102,5687,48,3,29.5,45.4,,run
2026-09-16T17:15:08+03:00,1789568108,5693,48,3,29.5,44.2,,run
2026-09-16T17:15:13+03:00,1789568113,5698,48,3,29.5,38.6,,run
2026-09-16T17:15:18+03:00,1789568118,5703,48,3,29.5,38.0,,run
2026-09-16T17:15:23+03:00,1789568123,5708,48,3,29.5,38.0,,run
2026-09-16T17:15:29+03:00,1789568129,5714,48,3,29.5,37.7,,run
2026-09-16T17:15:34+03:00,1789568134,5719,48,3,29.5,37.1,,run
2026-09-16T17:15:39+03:00,1789568139,5724,48,3,29.5,37.7,,run
2026-09-16T17:15:44+03:00,1789568144,5729,48,3,29.5,49.1,,run
2026-09-16T17:15:50+03:00,1789568150,5735,48,3,29.5,39.8,,run
2026-09-16T17:15:55+03:00,1789568155,5740,48,3,29.5,39.2,,run
2026-09-16T17:16:00+03:00,1789568160,5745,48,3,29.5,38.3,,run
2026-09-16T17:16:06+03:00,1789568166,5751,48,3,29.5,38.9,,run
2026-09-16T17:16:11+03:00,1789568171,5756,48,3,29.5,38.0,,run
2026-09-16T17:16:16+03:00,1789568176,5761,48,3,29.5,38.0,,run
2026-09-16T17:16:21+03:00,1789568181,5766,48,3,29.5,38.9,,run
2026-09-16T17:16:26+03:00,1789568186,5771,48,3,29.5,37.4,,run
2026-09-16T17:16:32+03:00,1789568192,5777,48,3,29.5,37.7,,run
2026-09-16T17:16:37+03:00,1789568197,5782,48,3,29.5,37.7,,run
2026-09-16T17:16:42+03:00,1789568202,5787,48,3,29.5,37.7,,run
2026-09-16T17:16:47+03:00,1789568207,5792,48,3,29.5,38.6,,run
2026-09-16T17:16:53+03:00,1789568213,5798,48,3,29.5,37.7,,run
2026-09-16T17:16:58+03:00,1789568218,5803,48,3,29.5,38.0,,run
2026-09-16T17:17:03+03:00,1789568223,5808,48,3,29.5,49.7,,run
2026-09-16T17:17:08+03:00,1789568228,5813,48,3,29.5,38.9,,run
2026-09-16T17:17:13+03:00,1789568233,5818,48,3,29.5,38.0,,run
2026-09-16T17:17:19+03:00,1789568239,5824,48,3,29.5,38.0,,run
2026-09-16T17:17:24+03:00,1789568244,5829,47,3,29.5,38.0,,run
2026-09-16T17:17:29+03:00,1789568249,5834,47,3,29.5,37.7,,run
2026-09-16T17:17:34+03:00,1789568254,5839,47,3,29.5,37.4,,run
2026-09-16T17:17:40+03:00,1789568260,5845,47,3,29.5,37.4,,run
2026-09-16T17:17:45+03:00,1789568265,5850,47,3,29.5,47.6,,run
2026-09-16T17:17:50+03:00,1789568270,5855,47,3,29.5,41.4,,run
2026-09-16T17:17:56+03:00,1789568276,5861,47,3,29.5,38.3,,run
2026-09-16T17:18:01+03:00,1789568281,5866,47,3,29.5,37.4,,run
2026-09-16T17:18:06+03:00,1789568286,5871,47,3,29.5,38.0,,run
2026-09-16T17:18:11+03:00,1789568291,5876,47,3,29.5,38.0,,run
2026-09-16T17:18:16+03:00,1789568296,5881,47,3,29.5,41.4,,run
2026-09-16T17:18:22+03:00,1789568302,5887,47,3,29.5,40.5,,run
2026-09-16T17:18:27+03:00,1789568307,5892,47,3,29.5,37.7,,run
2026-09-16T17:18:32+03:00,1789568312,5897,47,3,29.5,38.3,,run
2026-09-16T17:18:37+03:00,1789568317,5902,47,3,29.5,38.0,,run
2026-09-16T17:18:43+03:00,1789568323,5908,47,3,29.5,37.7,,run
2026-09-16T17:18:48+03:00,1789568328,5913,47,3,29.5,37.4,,run
2026-09-16T17:18:53+03:00,1789568333,5918,47,3,29.5,37.7,,run
2026-09-16T17:18:58+03:00,1789568338,5923,47,3,29.5,37.4,,run
2026-09-16T17:19:03+03:00,1789568343,5928,47,3,29.5,50.7,,run
2026-09-16T17:19:09+03:00,1789568349,5934,47,3,29.5,39.5,,run
2026-09-16T17:19:14+03:00,1789568354,5939,47,3,29.5,38.9,,run
2026-09-16T17:19:19+03:00,1789568359,5944,47,3,29.5,38.0,,run
2026-09-16T17:19:24+03:00,1789568364,5949,47,3,29.5,36.8,,run
2026-09-16T17:19:30+03:00,1789568370,5955,47,3,29.5,36.8,,run
2026-09-16T17:19:35+03:00,1789568375,5960,47,3,29.5,37.7,,run
2026-09-16T17:19:40+03:00,1789568380,5965,47,3,29.5,36.8,,run
2026-09-16T17:19:45+03:00,1789568385,5970,47,3,29.5,36.8,,run
2026-09-16T17:19:51+03:00,1789568391,5976,47,3,29.5,43.9,,run
2026-09-16T17:19:56+03:00,1789568396,5981,47,3,29.5,42.0,,run
2026-09-16T17:20:01+03:00,1789568401,5986,47,3,29.5,39.2,,run
2026-09-16T17:20:06+03:00,1789568406,5991,47,3,29.5,38.6,,run
2026-09-16T17:20:11+03:00,1789568411,5996,47,3,29.5,38.9,,run
2026-09-16T17:20:17+03:00,1789568417,6002,47,3,29.5,38.0,,run
2026-09-16T17:20:22+03:00,1789568422,6007,47,3,29.5,38.6,,run
2026-09-16T17:20:27+03:00,1789568427,6012,47,3,29.5,39.2,,run
2026-09-16T17:20:32+03:00,1789568432,6017,47,3,29.5,38.3,,run
2026-09-16T17:20:38+03:00,1789568438,6023,47,3,29.5,37.7,,run
2026-09-16T17:20:43+03:00,1789568443,6028,47,3,29.5,38.3,,run
2026-09-16T17:20:48+03:00,1789568448,6033,47,3,29.5,38.0,,run
2026-09-16T17:20:53+03:00,1789568453,6038,47,3,29.5,38.3,,run
2026-09-16T17:20:58+03:00,1789568458,6043,47,3,29.5,37.1,,run
2026-09-16T17:21:04+03:00,1789568464,6049,47,3,29.5,48.5,,run
2026-09-16T17:21:09+03:00,1789568469,6054,47,3,29.5,41.1,,run
2026-09-16T17:21:14+03:00,1789568474,6059,47,3,29.5,40.8,,run
2026-09-16T17:21:20+03:00,1789568480,6065,47,3,29.5,37.7,,run
2026-09-16T17:21:25+03:00,1789568485,6070,47,3,29.5,37.4,,run
2026-09-16T17:21:30+03:00,1789568490,6075,47,3,29.5,37.1,,run
2026-09-16T17:21:35+03:00,1789568495,6080,47,3,29.5,37.4,,run
2026-09-16T17:21:40+03:00,1789568500,6085,47,3,29.5,37.1,,run
2026-09-16T17:21:46+03:00,1789568506,6091,47,3,29.5,36.4,,run
2026-09-16T17:21:51+03:00,1789568511,6096,47,3,29.5,51.3,,run
2026-09-16T17:21:56+03:00,1789568516,6101,47,3,29.5,39.8,,run
2026-09-16T17:22:01+03:00,1789568521,6106,47,3,29.5,38.9,,run
2026-09-16T17:22:07+03:00,1789568527,6112,47,3,29.5,38.3,,run
2026-09-16T17:22:12+03:00,1789568532,6117,47,3,29.5,38.3,,run
2026-09-16T17:22:17+03:00,1789568537,6122,47,3,29.5,38.3,,run
2026-09-16T17:22:22+03:00,1789568542,6127,47,3,29.5,38.6,,run
2026-09-16T17:22:28+03:00,1789568548,6133,47,3,29.5,37.7,,run
2026-09-16T17:22:33+03:00,1789568553,6138,47,3,29.5,39.2,,run
2026-09-16T17:22:38+03:00,1789568558,6143,47,3,29.5,38.3,,run
2026-09-16T17:22:43+03:00,1789568563,6148,47,3,29.5,38.6,,run
2026-09-16T17:22:48+03:00,1789568568,6153,47,3,29.5,39.2,,run
2026-09-16T17:22:54+03:00,1789568574,6159,47,3,29.5,37.7,,run
2026-09-16T17:22:59+03:00,1789568579,6164,47,3,29.5,38.0,,run
2026-09-16T17:23:04+03:00,1789568584,6169,47,3,29.5,40.8,,run
2026-09-16T17:23:09+03:00,1789568589,6174,47,3,29.5,44.2,,run
2026-09-16T17:23:15+03:00,1789568595,6180,47,3,29.5,42.3,,run
2026-09-16T17:23:20+03:00,1789568600,6185,47,3,29.5,38.0,,run
2026-09-16T17:23:25+03:00,1789568605,6190,47,3,29.5,37.7,,run
2026-09-16T17:23:30+03:00,1789568610,6195,47,3,29.5,37.1,,run
2026-09-16T17:23:35+03:00,1789568615,6200,47,3,29.5,36.8,,run
2026-09-16T17:23:41+03:00,1789568621,6206,47,3,29.5,37.1,,run
2026-09-16T17:23:46+03:00,1789568626,6211,47,3,29.5,36.8,,run
2026-09-16T17:23:51+03:00,1789568631,6216,47,3,29.5,50.4,,run
2026-09-16T17:23:57+03:00,1789568637,6222,47,3,29.5,40.5,,run
2026-09-16T17:24:02+03:00,1789568642,6227,47,3,29.5,38.9,,run
2026-09-16T17:24:07+03:00,1789568647,6232,47,3,29.5,38.9,,run
2026-09-16T17:24:12+03:00,1789568652,6237,47,3,29.5,37.4,,run
2026-09-16T17:24:17+03:00,1789568657,6242,47,3,29.5,38.9,,run
2026-09-16T17:24:23+03:00,1789568663,6248,47,3,29.5,37.7,,run
2026-09-16T17:24:28+03:00,1789568668,6253,47,3,29.5,38.0,,run
2026-09-16T17:24:33+03:00,1789568673,6258,47,3,29.5,38.3,,run
2026-09-16T17:24:38+03:00,1789568678,6263,47,3,29.5,38.3,,run
2026-09-16T17:24:43+03:00,1789568683,6268,47,3,29.5,37.4,,run
2026-09-16T17:24:49+03:00,1789568689,6274,47,3,29.5,37.4,,run
2026-09-16T17:24:54+03:00,1789568694,6279,47,3,29.5,38.0,,run
2026-09-16T17:24:59+03:00,1789568699,6284,47,3,29.5,37.7,,run
2026-09-16T17:25:04+03:00,1789568704,6289,47,3,29.5,44.2,,run
2026-09-16T17:25:10+03:00,1789568710,6295,47,3,29.5,47.0,,run
2026-09-16T17:25:15+03:00,1789568715,6300,47,3,29.5,38.6,,run
2026-09-16T17:25:20+03:00,1789568720,6305,47,3,29.5,38.0,,run
2026-09-16T17:25:25+03:00,1789568725,6310,47,3,29.5,37.1,,run
2026-09-16T17:25:31+03:00,1789568731,6316,47,3,29.5,37.7,,run
2026-09-16T17:25:36+03:00,1789568736,6321,47,3,29.5,37.4,,run
2026-09-16T17:25:41+03:00,1789568741,6326,47,3,29.5,36.8,,run
2026-09-16T17:25:46+03:00,1789568746,6331,47,3,29.5,37.1,,run
2026-09-16T17:25:51+03:00,1789568751,6336,47,3,29.5,47.3,,run
2026-09-16T17:25:57+03:00,1789568757,6342,47,3,29.5,39.8,,run
2026-09-16T17:26:02+03:00,1789568762,6347,47,3,29.5,38.6,,run
2026-09-16T17:26:07+03:00,1789568767,6352,47,3,29.5,37.4,,run
2026-09-16T17:26:12+03:00,1789568772,6357,47,3,29.5,38.0,,run
2026-09-16T17:26:18+03:00,1789568778,6363,47,3,29.5,38.0,,run
2026-09-16T17:26:23+03:00,1789568783,6368,47,3,29.5,38.9,,run
2026-09-16T17:26:28+03:00,1789568788,6373,47,3,29.5,38.0,,run
2026-09-16T17:26:33+03:00,1789568793,6378,47,3,29.5,38.6,,run
2026-09-16T17:26:39+03:00,1789568799,6384,47,3,29.5,37.7,,run
2026-09-16T17:26:44+03:00,1789568804,6389,47,3,29.5,37.7,,run
2026-09-16T17:26:49+03:00,1789568809,6394,47,3,29.5,38.0,,run
2026-09-16T17:26:54+03:00,1789568814,6399,47,3,29.5,38.6,,run
2026-09-16T17:26:59+03:00,1789568819,6404,47,3,29.5,38.6,,run
2026-09-16T17:27:05+03:00,1789568825,6410,47,3,29.5,37.7,,run
2026-09-16T17:27:10+03:00,1789568830,6415,47,3,29.5,47.0,,run
2026-09-16T17:27:15+03:00,1789568835,6420,47,3,29.5,38.6,,run
2026-09-16T17:27:20+03:00,1789568840,6425,47,3,29.5,38.3,,run
2026-09-16T17:27:26+03:00,1789568846,6431,47,3,29.5,37.4,,run
2026-09-16T17:27:31+03:00,1789568851,6436,47,3,29.5,37.7,,run
2026-09-16T17:27:36+03:00,1789568856,6441,47,3,29.5,37.1,,run
2026-09-16T17:27:41+03:00,1789568861,6446,47,3,29.5,37.1,,run
2026-09-16T17:27:47+03:00,1789568867,6452,47,3,29.5,36.8,,run
2026-09-16T17:27:52+03:00,1789568872,6457,47,3,29.5,44.5,,run
2026-09-16T17:27:57+03:00,1789568877,6462,47,3,29.5,40.8,,run
2026-09-16T17:28:03+03:00,1789568883,6468,47,3,29.5,38.6,,run
2026-09-16T17:28:08+03:00,1789568888,6473,47,3,29.5,38.0,,run
2026-09-16T17:28:13+03:00,1789568893,6478,47,3,29.5,38.6,,run
2026-09-16T17:28:18+03:00,1789568898,6483,47,3,29.5,37.7,,run
2026-09-16T17:28:23+03:00,1789568903,6488,47,3,29.5,37.4,,run
2026-09-16T17:28:29+03:00,1789568909,6494,47,3,29.5,38.6,,run
2026-09-16T17:28:34+03:00,1789568914,6499,47,3,29.5,37.7,,run
2026-09-16T17:28:39+03:00,1789568919,6504,47,3,29.5,38.6,,run
2026-09-16T17:28:44+03:00,1789568924,6509,47,3,29.5,38.6,,run
2026-09-16T17:28:50+03:00,1789568930,6515,47,3,29.5,39.2,,run
2026-09-16T17:28:55+03:00,1789568935,6520,47,3,29.5,37.7,,run
2026-09-16T17:29:00+03:00,1789568940,6525,47,3,29.5,37.7,,run
2026-09-16T17:29:05+03:00,1789568945,6530,47,3,29.5,38.6,,run
2026-09-16T17:29:10+03:00,1789568950,6535,47,3,29.5,50.4,,run
2026-09-16T17:29:16+03:00,1789568956,6541,47,3,29.5,40.5,,run
2026-09-16T17:29:21+03:00,1789568961,6546,47,3,29.5,40.2,,run
2026-09-16T17:29:26+03:00,1789568966,6551,47,3,29.5,38.0,,run
2026-09-16T17:29:32+03:00,1789568972,6557,47,3,29.5,38.0,,run
2026-09-16T17:29:37+03:00,1789568977,6562,47,3,29.5,38.3,,run
2026-09-16T17:29:42+03:00,1789568982,6567,47,3,29.5,37.7,,run
2026-09-16T17:29:47+03:00,1789568987,6572,47,3,29.5,37.7,,run
2026-09-16T17:29:52+03:00,1789568992,6577,47,3,29.5,39.8,,run
2026-09-16T17:29:58+03:00,1789568998,6583,47,3,29.5,42.6,,run
2026-09-16T17:30:03+03:00,1789569003,6588,47,3,29.5,38.9,,run
2026-09-16T17:30:08+03:00,1789569008,6593,47,3,29.5,38.3,,run
2026-09-16T17:30:13+03:00,1789569013,6598,47,3,29.5,38.9,,run
2026-09-16T17:30:19+03:00,1789569019,6604,47,3,29.5,37.7,,run
2026-09-16T17:30:24+03:00,1789569024,6609,47,3,29.5,38.6,,run
2026-09-16T17:30:29+03:00,1789569029,6614,47,3,29.5,38.6,,run
2026-09-16T17:30:34+03:00,1789569034,6619,47,3,29.5,39.2,,run
2026-09-16T17:30:40+03:00,1789569040,6625,47,3,29.5,38.9,,run
2026-09-16T17:30:45+03:00,1789569045,6630,47,3,29.5,38.3,,run
2026-09-16T17:30:50+03:00,1789569050,6635,47,3,29.5,39.2,,run
2026-09-16T17:30:55+03:00,1789569055,6640,47,3,29.5,38.3,,run
2026-09-16T17:31:00+03:00,1789569060,6645,47,3,29.5,38.0,,run
2026-09-16T17:31:06+03:00,1789569066,6651,47,3,29.5,37.7,,run
2026-09-16T17:31:11+03:00,1789569071,6656,47,3,29.5,49.4,,run
2026-09-16T17:31:16+03:00,1789569076,6661,46,3,29.7,41.4,,run
2026-09-16T17:31:21+03:00,1789569081,6666,46,3,29.7,39.2,,run
2026-09-16T17:31:27+03:00,1789569087,6672,46,3,29.7,38.3,,run
2026-09-16T17:31:32+03:00,1789569092,6677,46,3,29.7,38.3,,run
2026-09-16T17:31:37+03:00,1789569097,6682,46,3,29.7,46.7,,run
2026-09-16T17:31:42+03:00,1789569102,6687,46,3,29.7,41.4,,run
2026-09-16T17:31:48+03:00,1789569108,6693,46,3,29.7,39.2,,run
2026-09-16T17:31:53+03:00,1789569113,6698,46,3,29.7,38.9,,run
2026-09-16T17:31:58+03:00,1789569118,6703,46,3,29.7,39.8,,run
2026-09-16T17:32:03+03:00,1789569123,6708,46,3,29.7,38.6,,run
2026-09-16T17:32:09+03:00,1789569129,6714,46,3,29.7,38.0,,run
2026-09-16T17:32:14+03:00,1789569134,6719,46,3,29.7,38.3,,run
2026-09-16T17:32:19+03:00,1789569139,6724,46,3,29.7,38.0,,run
2026-09-16T17:32:24+03:00,1789569144,6729,46,3,29.7,37.7,,run
2026-09-16T17:32:29+03:00,1789569149,6734,46,3,29.7,38.0,,run
2026-09-16T17:32:35+03:00,1789569155,6740,46,3,29.7,38.6,,run
2026-09-16T17:32:40+03:00,1789569160,6745,46,3,29.7,38.0,,run
2026-09-16T17:32:45+03:00,1789569165,6750,46,3,29.7,38.9,,run
2026-09-16T17:32:50+03:00,1789569170,6755,46,3,29.7,38.0,,run
2026-09-16T17:32:56+03:00,1789569176,6761,46,3,29.7,47.6,,run
2026-09-16T17:33:01+03:00,1789569181,6766,46,3,29.7,39.8,,run
2026-09-16T17:33:06+03:00,1789569186,6771,46,3,29.7,39.5,,run
2026-09-16T17:33:11+03:00,1789569191,6776,46,3,29.7,38.6,,run
2026-09-16T17:33:17+03:00,1789569197,6782,46,3,29.7,37.1,,run
2026-09-16T17:33:22+03:00,1789569202,6787,46,3,29.7,37.7,,run
2026-09-16T17:33:27+03:00,1789569207,6792,46,3,29.7,37.4,,run
2026-09-16T17:33:32+03:00,1789569212,6797,46,3,29.7,36.8,,run
2026-09-16T17:33:37+03:00,1789569217,6802,46,3,29.7,39.5,,run
2026-09-16T17:33:43+03:00,1789569223,6808,46,3,29.7,42.3,,run
2026-09-16T17:33:48+03:00,1789569228,6813,46,3,29.7,39.2,,run
2026-09-16T17:33:53+03:00,1789569233,6818,46,3,29.7,38.0,,run
2026-09-16T17:33:58+03:00,1789569238,6823,46,3,29.7,38.9,,run
2026-09-16T17:34:04+03:00,1789569244,6829,46,3,29.7,38.0,,run
2026-09-16T17:34:09+03:00,1789569249,6834,46,3,29.7,38.0,,run
2026-09-16T17:34:14+03:00,1789569254,6839,46,3,29.7,38.3,,run
2026-09-16T17:34:19+03:00,1789569259,6844,46,3,29.7,38.0,,run
2026-09-16T17:34:25+03:00,1789569265,6850,46,3,29.7,38.6,,run
2026-09-16T17:34:30+03:00,1789569270,6855,46,3,29.7,38.3,,run
2026-09-16T17:34:35+03:00,1789569275,6860,46,3,29.7,38.3,,run
2026-09-16T17:34:40+03:00,1789569280,6865,46,3,29.9,38.6,,run
2026-09-16T17:34:45+03:00,1789569285,6870,46,3,29.9,38.3,,run
2026-09-16T17:34:51+03:00,1789569291,6876,46,3,29.9,38.9,,run
2026-09-16T17:34:56+03:00,1789569296,6881,46,3,29.9,47.3,,run
2026-09-16T17:35:01+03:00,1789569301,6886,46,3,29.9,41.1,,run
2026-09-16T17:35:07+03:00,1789569307,6892,46,3,29.9,40.2,,run
2026-09-16T17:35:12+03:00,1789569312,6897,46,3,29.9,38.3,,run
2026-09-16T17:35:17+03:00,1789569317,6902,46,3,29.9,37.4,,run
2026-09-16T17:35:22+03:00,1789569322,6907,46,3,29.9,42.6,,run
2026-09-16T17:35:28+03:00,1789569328,6913,46,3,29.9,42.6,,run
2026-09-16T17:35:33+03:00,1789569333,6918,46,3,29.9,38.6,,run
2026-09-16T17:35:38+03:00,1789569338,6923,46,3,29.9,38.9,,run
2026-09-16T17:35:43+03:00,1789569343,6928,46,3,29.9,38.6,,run
2026-09-16T17:35:49+03:00,1789569349,6934,46,3,29.9,38.3,,run
2026-09-16T17:35:54+03:00,1789569354,6939,46,3,29.9,38.9,,run
2026-09-16T17:35:59+03:00,1789569359,6944,46,3,29.9,38.0,,run
2026-09-16T17:36:04+03:00,1789569364,6949,46,3,29.9,39.2,,run
2026-09-16T17:36:09+03:00,1789569369,6954,46,3,29.9,37.7,,run
2026-09-16T17:36:15+03:00,1789569375,6960,46,3,29.9,38.6,,run
2026-09-16T17:36:20+03:00,1789569380,6965,46,3,29.9,38.6,,run
2026-09-16T17:36:25+03:00,1789569385,6970,46,3,29.9,38.9,,run
2026-09-16T17:36:30+03:00,1789569390,6975,46,3,29.9,38.9,,run
2026-09-16T17:36:35+03:00,1789569395,6980,46,3,29.9,38.3,,run
2026-09-16T17:36:41+03:00,1789569401,6986,46,3,29.9,50.1,,run
2026-09-16T17:36:46+03:00,1789569406,6991,46,3,29.9,40.5,,run
2026-09-16T17:36:51+03:00,1789569411,6996,46,3,29.9,40.2,,run
2026-09-16T17:36:57+03:00,1789569417,7002,46,3,29.9,37.7,,run
2026-09-16T17:37:02+03:00,1789569422,7007,46,3,29.9,37.7,,run
2026-09-16T17:37:07+03:00,1789569427,7012,46,3,29.9,38.0,,run
2026-09-16T17:37:12+03:00,1789569432,7017,46,3,29.9,38.0,,run
2026-09-16T17:37:18+03:00,1789569438,7023,46,3,29.9,37.1,,run
2026-09-16T17:37:23+03:00,1789569443,7028,46,3,29.9,37.7,,run
2026-09-16T17:37:28+03:00,1789569448,7033,46,3,29.9,49.4,,run
2026-09-16T17:37:33+03:00,1789569453,7038,46,3,29.9,40.2,,run
2026-09-16T17:37:39+03:00,1789569458,7043,46,3,29.9,39.2,,run
2026-09-16T17:37:44+03:00,1789569464,7049,46,3,29.9,39.2,,run
2026-09-16T17:37:49+03:00,1789569469,7054,46,3,29.9,38.3,,run
2026-09-16T17:37:54+03:00,1789569474,7059,46,3,29.9,39.2,,run
2026-09-16T17:37:59+03:00,1789569479,7064,46,3,29.9,39.2,,run
2026-09-16T17:38:05+03:00,1789569485,7070,46,3,29.9,39.2,,run
2026-09-16T17:38:10+03:00,1789569490,7075,46,3,29.9,38.9,,run
2026-09-16T17:38:15+03:00,1789569495,7080,46,3,29.9,38.6,,run
2026-09-16T17:38:20+03:00,1789569500,7085,46,3,29.9,38.0,,run
2026-09-16T17:38:25+03:00,1789569505,7090,46,3,29.9,38.0,,run
2026-09-16T17:38:31+03:00,1789569511,7096,46,3,29.9,38.0,,run
2026-09-16T17:38:36+03:00,1789569516,7101,46,3,29.9,38.6,,run
2026-09-16T17:38:41+03:00,1789569521,7106,46,3,29.9,49.4,,run
2026-09-16T17:38:47+03:00,1789569527,7112,46,3,29.9,41.7,,run
2026-09-16T17:38:52+03:00,1789569532,7117,46,3,29.9,41.7,,run
2026-09-16T17:38:57+03:00,1789569537,7122,46,3,29.9,38.9,,run
2026-09-16T17:39:02+03:00,1789569542,7127,46,3,29.9,38.0,,run
2026-09-16T17:39:08+03:00,1789569548,7133,46,3,29.9,37.4,,run
2026-09-16T17:39:13+03:00,1789569553,7138,46,3,29.9,37.1,,run
2026-09-16T17:39:18+03:00,1789569558,7143,46,3,29.9,37.4,,run
2026-09-16T17:39:23+03:00,1789569563,7148,46,3,29.9,38.0,,run
2026-09-16T17:39:29+03:00,1789569569,7154,46,3,29.9,52.2,,run
2026-09-16T17:39:34+03:00,1789569574,7159,46,3,29.9,40.2,,run
2026-09-16T17:39:39+03:00,1789569579,7164,46,3,29.9,39.8,,run
2026-09-16T17:39:44+03:00,1789569584,7169,46,3,29.9,39.5,,run
2026-09-16T17:39:49+03:00,1789569589,7174,46,3,29.9,38.3,,run
2026-09-16T17:39:55+03:00,1789569595,7180,46,3,29.9,38.0,,run
2026-09-16T17:40:00+03:00,1789569600,7185,46,3,29.9,38.6,,run
2026-09-16T17:40:05+03:00,1789569605,7190,46,3,29.9,38.0,,run
2026-09-16T17:40:10+03:00,1789569610,7195,46,3,29.9,38.9,,run
2026-09-16T17:40:16+03:00,1789569616,7201,46,3,29.9,38.3,,run
2026-09-16T17:40:21+03:00,1789569621,7206,46,3,29.9,38.6,,run
2026-09-16T17:40:26+03:00,1789569626,7211,46,3,29.9,38.0,,run
2026-09-16T17:40:31+03:00,1789569631,7216,46,3,29.9,38.0,,run
2026-09-16T17:40:36+03:00,1789569636,7221,46,3,29.9,38.3,,run
2026-09-16T17:40:42+03:00,1789569642,7227,46,3,29.9,40.5,,run
2026-09-16T17:40:47+03:00,1789569647,7232,46,3,29.9,42.6,,run
2026-09-16T17:40:52+03:00,1789569652,7237,46,3,29.9,41.4,,run
2026-09-16T17:40:57+03:00,1789569657,7242,46,3,29.9,38.0,,run
2026-09-16T17:41:03+03:00,1789569663,7248,46,3,29.9,37.7,,run
2026-09-16T17:41:08+03:00,1789569668,7253,46,3,29.9,37.1,,run
2026-09-16T17:41:13+03:00,1789569673,7258,46,3,29.9,49.4,,run
2026-09-16T17:41:18+03:00,1789569678,7263,46,3,29.9,40.8,,run
2026-09-16T17:41:24+03:00,1789569684,7269,46,3,29.9,39.2,,run
2026-09-16T17:41:29+03:00,1789569689,7274,46,3,29.9,39.2,,run
2026-09-16T17:41:34+03:00,1789569694,7279,46,3,29.9,38.6,,run
2026-09-16T17:41:39+03:00,1789569699,7284,46,3,29.9,37.7,,run
2026-09-16T17:41:44+03:00,1789569704,7289,46,3,29.9,38.9,,run
2026-09-16T17:41:50+03:00,1789569710,7295,46,3,29.9,37.7,,run
2026-09-16T17:41:55+03:00,1789569715,7300,46,3,29.9,38.0,,run
2026-09-16T17:42:00+03:00,1789569720,7305,46,3,29.9,37.7,,run
2026-09-16T17:42:05+03:00,1789569725,7310,46,3,29.9,38.3,,run
2026-09-16T17:42:10+03:00,1789569730,7315,46,3,29.9,38.3,,run
2026-09-16T17:42:16+03:00,1789569736,7321,46,3,29.9,38.0,,run
2026-09-16T17:42:21+03:00,1789569741,7326,46,3,29.9,38.6,,run
2026-09-16T17:42:26+03:00,1789569746,7331,46,3,29.9,40.8,,run
2026-09-16T17:42:31+03:00,1789569751,7336,46,3,29.9,41.4,,run
2026-09-16T17:42:37+03:00,1789569757,7342,46,3,29.9,40.2,,run
2026-09-16T17:42:42+03:00,1789569762,7347,46,3,29.9,38.3,,run
2026-09-16T17:42:47+03:00,1789569767,7352,46,3,29.9,37.7,,run
2026-09-16T17:42:52+03:00,1789569772,7357,46,3,29.9,37.4,,run
2026-09-16T17:42:58+03:00,1789569778,7363,46,3,29.9,37.4,,run
2026-09-16T17:43:03+03:00,1789569783,7368,46,3,29.9,37.1,,run
2026-09-16T17:43:08+03:00,1789569788,7373,46,3,29.9,37.1,,run
2026-09-16T17:43:13+03:00,1789569793,7378,46,3,29.9,51.6,,run
2026-09-16T17:43:19+03:00,1789569799,7384,46,3,29.9,39.2,,run
2026-09-16T17:43:24+03:00,1789569804,7389,46,3,29.9,39.8,,run
2026-09-16T17:43:29+03:00,1789569809,7394,46,3,29.9,38.3,,run
2026-09-16T17:43:34+03:00,1789569814,7399,46,3,29.9,39.2,,run
2026-09-16T17:43:39+03:00,1789569819,7404,46,3,29.9,38.9,,run
2026-09-16T17:43:45+03:00,1789569825,7410,46,3,29.9,38.3,,run
2026-09-16T17:43:50+03:00,1789569830,7415,46,3,29.9,37.4,,run
2026-09-16T17:43:55+03:00,1789569835,7420,46,3,29.9,38.0,,run
2026-09-16T17:44:00+03:00,1789569840,7425,46,3,29.9,37.7,,run
2026-09-16T17:44:05+03:00,1789569845,7430,46,3,29.9,38.0,,run
2026-09-16T17:44:11+03:00,1789569851,7436,46,3,29.9,37.4,,run
2026-09-16T17:44:16+03:00,1789569856,7441,46,3,29.9,37.7,,run
2026-09-16T17:44:21+03:00,1789569861,7446,46,3,29.9,38.3,,run
2026-09-16T17:44:26+03:00,1789569866,7451,46,3,29.9,43.6,,run
2026-09-16T17:44:32+03:00,1789569872,7457,46,3,29.9,42.0,,run
2026-09-16T17:44:37+03:00,1789569877,7462,46,3,29.9,38.9,,end
